HSV-2_UL15_734_30_001_150	HSV-1_UL15_735_30_001_150	HSV-1_UL15_735_30_001_150	0.953	  150	    7	    0	    1	  150	    1	  150	3.581E-23	  632
HSV-2_UL15_734_30_021_170	HSV-1_UL15_735_30_001_150	HSV-1_UL15_735_30_001_150	0.946	  130	    7	    0	    1	  130	   21	  150	2.240E-19	  567
HSV-2_UL15_734_30_041_190	HSV-1_UL15_735_30_001_150	HSV-1_UL15_735_30_001_150	0.963	  110	    4	    0	    1	  110	   41	  150	1.544E-16	  521
HSV-2_UL15_734_30_061_210	HSV-1_UL15_735_30_001_150	HSV-1_UL15_735_30_001_150	0.955	   90	    4	    0	    1	   90	   61	  150	1.954E-09	  306
HSV-2_UL15_734_30_081_230	HSV-1_UL15_735_30_001_150	HSV-1_UL15_735_30_001_150	0.942	   70	    4	    0	    1	   70	   81	  150	2.179E-05	  184
HSV-2_UL15_734_30_001_150	HSV-1_UL15_735_30_021_170	HSV-1_UL15_735_30_021_170	0.945	  129	    7	    0	   22	  150	    2	  130	1.713E-19	  564
HSV-2_UL15_734_30_021_170	HSV-1_UL15_735_30_021_170	HSV-1_UL15_735_30_021_170	0.953	  150	    7	    0	    1	  150	    1	  150	1.683E-23	  717
HSV-2_UL15_734_30_041_190	HSV-1_UL15_735_30_021_170	HSV-1_UL15_735_30_021_170	0.968	  129	    4	    0	    1	  129	   21	  149	3.452E-20	  646
HSV-2_UL15_734_30_061_210	HSV-1_UL15_735_30_021_170	HSV-1_UL15_735_30_021_170	0.963	  109	    4	    0	    1	  109	   41	  149	1.122E-12	  416
HSV-2_UL15_734_30_081_230	HSV-1_UL15_735_30_021_170	HSV-1_UL15_735_30_021_170	0.955	   89	    4	    0	    1	   89	   61	  149	3.241E-08	  279
HSV-2_UL15_734_30_001_150	HSV-1_UL15_735_30_041_190	HSV-1_UL15_735_30_041_190	0.963	  110	    4	    0	   41	  150	    1	  110	1.700E-17	  540
HSV-2_UL15_734_30_021_170	HSV-1_UL15_735_30_041_190	HSV-1_UL15_735_30_041_190	0.968	  129	    4	    0	   21	  149	    1	  129	8.493E-21	  663
HSV-2_UL15_734_30_041_190	HSV-1_UL15_735_30_041_190	HSV-1_UL15_735_30_041_190	0.966	  150	    5	    0	    1	  150	    1	  150	2.047E-25	  807
HSV-2_UL15_734_30_061_210	HSV-1_UL15_735_30_041_190	HSV-1_UL15_735_30_041_190	0.961	  130	    5	    0	    1	  130	   21	  150	6.300E-17	  545
HSV-2_UL15_734_30_081_230	HSV-1_UL15_735_30_041_190	HSV-1_UL15_735_30_041_190	0.954	  110	    5	    0	    1	  110	   41	  150	4.313E-12	  403
HSV-2_UL15_734_30_101_250	HSV-1_UL15_735_30_041_190	HSV-1_UL15_735_30_041_190	0.955	   90	    4	    0	    1	   90	   61	  150	7.334E-09	  293
HSV-2_UL15_734_30_121_270	HSV-1_UL15_735_30_041_190	HSV-1_UL15_735_30_041_190	0.942	   70	    4	    0	    1	   70	   81	  150	7.745E-06	  230
HSV-2_UL15_734_30_021_170	HSV-1_UL15_735_30_061_210	HSV-1_UL15_735_30_061_210	0.963	  109	    4	    0	   41	  149	    1	  109	2.496E-13	  390
HSV-2_UL15_734_30_041_190	HSV-1_UL15_735_30_061_210	HSV-1_UL15_735_30_061_210	0.961	  130	    5	    0	   21	  150	    1	  130	7.742E-18	  526
HSV-2_UL15_734_30_061_210	HSV-1_UL15_735_30_061_210	HSV-1_UL15_735_30_061_210	0.960	  150	    6	    0	    1	  150	    1	  150	5.312E-22	  730
HSV-2_UL15_734_30_081_230	HSV-1_UL15_735_30_061_210	HSV-1_UL15_735_30_061_210	0.953	  130	    6	    0	    1	  130	   21	  150	4.099E-16	  558
HSV-2_UL15_734_30_101_250	HSV-1_UL15_735_30_061_210	HSV-1_UL15_735_30_061_210	0.954	  109	    5	    0	    1	  109	   41	  149	1.357E-12	  425
HSV-2_UL15_734_30_121_270	HSV-1_UL15_735_30_061_210	HSV-1_UL15_735_30_061_210	0.943	   89	    5	    0	    1	   89	   61	  149	7.568E-09	  336
HSV-2_UL15_734_30_141_290	HSV-1_UL15_735_30_061_210	HSV-1_UL15_735_30_061_210	0.970	   68	    2	    0	    2	   69	   82	  149	3.593E-05	  208
HSV-2_UL15_734_30_021_170	HSV-1_UL15_735_30_081_230	HSV-1_UL15_735_30_081_230	0.955	   89	    4	    0	   61	  149	    1	   89	9.205E-10	  274
HSV-2_UL15_734_30_041_190	HSV-1_UL15_735_30_081_230	HSV-1_UL15_735_30_081_230	0.954	  110	    5	    0	   41	  150	    1	  110	3.933E-14	  403
HSV-2_UL15_734_30_061_210	HSV-1_UL15_735_30_081_230	HSV-1_UL15_735_30_081_230	0.953	  130	    6	    0	   21	  150	    1	  130	1.543E-17	  560
HSV-2_UL15_734_30_081_230	HSV-1_UL15_735_30_081_230	HSV-1_UL15_735_30_081_230	0.960	  150	    6	    0	    1	  150	    1	  150	2.782E-20	  739
HSV-2_UL15_734_30_101_250	HSV-1_UL15_735_30_081_230	HSV-1_UL15_735_30_081_230	0.961	  129	    5	    0	    1	  129	   21	  149	4.205E-16	  561
HSV-2_UL15_734_30_121_270	HSV-1_UL15_735_30_081_230	HSV-1_UL15_735_30_081_230	0.954	  109	    5	    0	    1	  109	   41	  149	3.219E-12	  467
HSV-2_UL15_734_30_141_290	HSV-1_UL15_735_30_081_230	HSV-1_UL15_735_30_081_230	0.977	   88	    2	    0	    2	   89	   62	  149	3.143E-08	  326
HSV-2_UL15_734_30_161_310	HSV-1_UL15_735_30_081_230	HSV-1_UL15_735_30_081_230	0.970	   68	    2	    0	    2	   69	   82	  149	2.811E-05	  207
HSV-2_UL15_734_30_041_190	HSV-1_UL15_735_30_101_250	HSV-1_UL15_735_30_101_250	0.955	   90	    4	    0	   61	  150	    1	   90	2.747E-10	  282
HSV-2_UL15_734_30_061_210	HSV-1_UL15_735_30_101_250	HSV-1_UL15_735_30_101_250	0.954	  109	    5	    0	   41	  149	    1	  109	1.684E-13	  418
HSV-2_UL15_734_30_081_230	HSV-1_UL15_735_30_101_250	HSV-1_UL15_735_30_101_250	0.961	  129	    5	    0	   21	  149	    1	  129	9.514E-16	  562
HSV-2_UL15_734_30_101_250	HSV-1_UL15_735_30_101_250	HSV-1_UL15_735_30_101_250	0.960	  150	    6	    0	    1	  150	    1	  150	8.326E-21	  767
HSV-2_UL15_734_30_121_270	HSV-1_UL15_735_30_101_250	HSV-1_UL15_735_30_101_250	0.953	  130	    6	    0	    1	  130	   21	  150	9.561E-17	  667
HSV-2_UL15_734_30_141_290	HSV-1_UL15_735_30_101_250	HSV-1_UL15_735_30_101_250	0.972	  109	    3	    0	    2	  110	   42	  150	7.715E-13	  534
HSV-2_UL15_734_30_161_310	HSV-1_UL15_735_30_101_250	HSV-1_UL15_735_30_101_250	0.966	   89	    3	    0	    2	   90	   62	  150	2.647E-09	  387
HSV-2_UL15_734_30_181_330	HSV-1_UL15_735_30_101_250	HSV-1_UL15_735_30_101_250	0.971	   70	    2	    0	    1	   70	   81	  150	2.030E-06	  269
HSV-2_UL15_734_30_201_350	HSV-1_UL15_735_30_101_250	HSV-1_UL15_735_30_101_250	0.980	   50	    1	    0	    1	   50	  101	  150	5.935E-05	  211
HSV-2_UL15_734_30_041_190	HSV-1_UL15_735_30_121_270	HSV-1_UL15_735_30_121_270	0.942	   70	    4	    0	   81	  150	    1	   70	1.706E-07	  236
HSV-2_UL15_734_30_061_210	HSV-1_UL15_735_30_121_270	HSV-1_UL15_735_30_121_270	0.943	   89	    5	    0	   61	  149	    1	   89	2.160E-10	  359
HSV-2_UL15_734_30_081_230	HSV-1_UL15_735_30_121_270	HSV-1_UL15_735_30_121_270	0.954	  109	    5	    0	   41	  149	    1	  109	8.470E-13	  499
HSV-2_UL15_734_30_101_250	HSV-1_UL15_735_30_121_270	HSV-1_UL15_735_30_121_270	0.953	  130	    6	    0	   21	  150	    1	  130	1.431E-17	  692
HSV-2_UL15_734_30_121_270	HSV-1_UL15_735_30_121_270	HSV-1_UL15_735_30_121_270	0.960	  150	    6	    0	    1	  150	    1	  150	8.145E-21	  852
HSV-2_UL15_734_30_141_290	HSV-1_UL15_735_30_121_270	HSV-1_UL15_735_30_121_270	0.976	  129	    3	    0	    2	  130	   22	  150	7.426E-17	  717
HSV-2_UL15_734_30_161_310	HSV-1_UL15_735_30_121_270	HSV-1_UL15_735_30_121_270	0.972	  109	    3	    0	    2	  110	   42	  150	2.769E-13	  561
HSV-2_UL15_734_30_181_330	HSV-1_UL15_735_30_121_270	HSV-1_UL15_735_30_121_270	0.977	   90	    2	    0	    1	   90	   61	  150	8.694E-11	  447
HSV-2_UL15_734_30_201_350	HSV-1_UL15_735_30_121_270	HSV-1_UL15_735_30_121_270	0.985	   70	    1	    0	    1	   70	   81	  150	3.259E-09	  374
HSV-2_UL15_734_30_221_370	HSV-1_UL15_735_30_121_270	HSV-1_UL15_735_30_121_270	0.979	   49	    1	    0	    2	   50	  102	  150	1.052E-05	  208
HSV-2_UL15_734_30_061_210	HSV-1_UL15_735_30_141_290	HSV-1_UL15_735_30_141_290	0.970	   68	    2	    0	   82	  149	    2	   69	9.420E-07	  248
HSV-2_UL15_734_30_081_230	HSV-1_UL15_735_30_141_290	HSV-1_UL15_735_30_141_290	0.977	   88	    2	    0	   62	  149	    2	   89	1.750E-09	  381
HSV-2_UL15_734_30_101_250	HSV-1_UL15_735_30_141_290	HSV-1_UL15_735_30_141_290	0.972	  109	    3	    0	   42	  150	    2	  110	2.070E-14	  581
HSV-2_UL15_734_30_121_270	HSV-1_UL15_735_30_141_290	HSV-1_UL15_735_30_141_290	0.976	  129	    3	    0	   22	  150	    2	  130	1.229E-17	  731
HSV-2_UL15_734_30_141_290	HSV-1_UL15_735_30_141_290	HSV-1_UL15_735_30_141_290	0.980	  150	    3	    0	    1	  150	    1	  150	6.434E-21	  921
HSV-2_UL15_734_30_161_310	HSV-1_UL15_735_30_141_290	HSV-1_UL15_735_30_141_290	0.976	  129	    3	    0	    2	  130	   22	  150	1.140E-16	  712
HSV-2_UL15_734_30_181_330	HSV-1_UL15_735_30_141_290	HSV-1_UL15_735_30_141_290	0.981	  110	    2	    0	    1	  110	   41	  150	5.209E-14	  572
HSV-2_UL15_734_30_201_350	HSV-1_UL15_735_30_141_290	HSV-1_UL15_735_30_141_290	0.988	   90	    1	    0	    1	   90	   61	  150	2.082E-11	  445
HSV-2_UL15_734_30_221_370	HSV-1_UL15_735_30_141_290	HSV-1_UL15_735_30_141_290	0.985	   69	    1	    0	    2	   70	   82	  150	1.362E-07	  250
HSV-2_UL15_734_30_081_230	HSV-1_UL15_735_30_161_310	HSV-1_UL15_735_30_161_310	0.970	   68	    2	    0	   82	  149	    2	   69	3.056E-06	  248
HSV-2_UL15_734_30_101_250	HSV-1_UL15_735_30_161_310	HSV-1_UL15_735_30_161_310	0.966	   89	    3	    0	   62	  150	    2	   90	1.578E-10	  414
HSV-2_UL15_734_30_121_270	HSV-1_UL15_735_30_161_310	HSV-1_UL15_735_30_161_310	0.972	  109	    3	    0	   42	  150	    2	  110	9.786E-14	  558
HSV-2_UL15_734_30_141_290	HSV-1_UL15_735_30_161_310	HSV-1_UL15_735_30_161_310	0.976	  129	    3	    0	   22	  150	    2	  130	1.470E-16	  708
HSV-2_UL15_734_30_161_310	HSV-1_UL15_735_30_161_310	HSV-1_UL15_735_30_161_310	0.973	  150	    4	    0	    1	  150	    1	  150	3.550E-21	  937
HSV-2_UL15_734_30_181_330	HSV-1_UL15_735_30_161_310	HSV-1_UL15_735_30_161_310	0.976	  130	    3	    0	    1	  130	   21	  150	5.119E-17	  702
HSV-2_UL15_734_30_201_350	HSV-1_UL15_735_30_161_310	HSV-1_UL15_735_30_161_310	0.981	  110	    2	    0	    1	  110	   41	  150	2.476E-15	  588
HSV-2_UL15_734_30_221_370	HSV-1_UL15_735_30_161_310	HSV-1_UL15_735_30_161_310	0.977	   89	    2	    0	    2	   90	   62	  150	2.782E-11	  368
HSV-2_UL15_734_30_241_390	HSV-1_UL15_735_30_161_310	HSV-1_UL15_735_30_161_310	0.971	   70	    2	    0	    1	   70	   81	  150	2.033E-07	  238
HSV-2_UL15_734_30_261_410	HSV-1_UL15_735_30_161_310	HSV-1_UL15_735_30_161_310	0.980	   50	    1	    0	    1	   50	  101	  150	2.740E-05	  170
HSV-2_UL15_734_30_101_250	HSV-1_UL15_735_30_181_330	HSV-1_UL15_735_30_181_330	0.971	   70	    2	    0	   81	  150	    1	   70	3.219E-07	  274
HSV-2_UL15_734_30_121_270	HSV-1_UL15_735_30_181_330	HSV-1_UL15_735_30_181_330	0.977	   90	    2	    0	   61	  150	    1	   90	9.475E-11	  419
HSV-2_UL15_734_30_141_290	HSV-1_UL15_735_30_181_330	HSV-1_UL15_735_30_181_330	0.981	  110	    2	    0	   41	  150	    1	  110	1.867E-13	  553
HSV-2_UL15_734_30_161_310	HSV-1_UL15_735_30_181_330	HSV-1_UL15_735_30_181_330	0.976	  130	    3	    0	   21	  150	    1	  130	2.144E-16	  698
HSV-2_UL15_734_30_181_330	HSV-1_UL15_735_30_181_330	HSV-1_UL15_735_30_181_330	0.973	  150	    4	    0	    1	  150	    1	  150	3.031E-22	  937
HSV-2_UL15_734_30_201_350	HSV-1_UL15_735_30_181_330	HSV-1_UL15_735_30_181_330	0.976	  129	    3	    0	    1	  129	   21	  149	5.916E-20	  770
HSV-2_UL15_734_30_221_370	HSV-1_UL15_735_30_181_330	HSV-1_UL15_735_30_181_330	0.972	  108	    3	    0	    2	  109	   42	  149	2.408E-16	  543
HSV-2_UL15_734_30_241_390	HSV-1_UL15_735_30_181_330	HSV-1_UL15_735_30_181_330	0.966	   89	    3	    0	    1	   89	   61	  149	2.256E-12	  409
HSV-2_UL15_734_30_261_410	HSV-1_UL15_735_30_181_330	HSV-1_UL15_735_30_181_330	0.971	   69	    2	    0	    1	   69	   81	  149	3.738E-10	  336
HSV-2_UL15_734_30_281_430	HSV-1_UL15_735_30_181_330	HSV-1_UL15_735_30_181_330	0.960	   50	    2	    0	    1	   50	  101	  150	1.273E-05	  199
HSV-2_UL15_734_30_101_250	HSV-1_UL15_735_30_201_350	HSV-1_UL15_735_30_201_350	0.980	   50	    1	    0	  101	  150	    1	   50	4.985E-05	  219
HSV-2_UL15_734_30_121_270	HSV-1_UL15_735_30_201_350	HSV-1_UL15_735_30_201_350	0.985	   70	    1	    0	   81	  150	    1	   70	9.985E-09	  369
HSV-2_UL15_734_30_141_290	HSV-1_UL15_735_30_201_350	HSV-1_UL15_735_30_201_350	0.988	   90	    1	    0	   61	  150	    1	   90	1.330E-10	  466
HSV-2_UL15_734_30_161_310	HSV-1_UL15_735_30_201_350	HSV-1_UL15_735_30_201_350	0.981	  110	    2	    0	   41	  150	    1	  110	6.336E-14	  625
HSV-2_UL15_734_30_181_330	HSV-1_UL15_735_30_201_350	HSV-1_UL15_735_30_201_350	0.976	  129	    3	    0	   21	  149	    1	  129	6.659E-19	  815
HSV-2_UL15_734_30_201_350	HSV-1_UL15_735_30_201_350	HSV-1_UL15_735_30_201_350	0.980	  150	    3	    0	    1	  150	    1	  150	2.705E-28	 1124
HSV-2_UL15_734_30_221_370	HSV-1_UL15_735_30_201_350	HSV-1_UL15_735_30_201_350	0.976	  129	    3	    0	    2	  130	   22	  150	5.189E-25	  847
HSV-2_UL15_734_30_241_390	HSV-1_UL15_735_30_201_350	HSV-1_UL15_735_30_201_350	0.972	  110	    3	    0	    1	  110	   41	  150	3.527E-20	  683
HSV-2_UL15_734_30_261_410	HSV-1_UL15_735_30_201_350	HSV-1_UL15_735_30_201_350	0.977	   90	    2	    0	    1	   90	   61	  150	1.119E-17	  598
HSV-2_UL15_734_30_281_430	HSV-1_UL15_735_30_201_350	HSV-1_UL15_735_30_201_350	0.971	   70	    2	    0	    1	   70	   81	  150	2.715E-12	  430
HSV-2_UL15_734_30_301_450	HSV-1_UL15_735_30_201_350	HSV-1_UL15_735_30_201_350	0.980	   50	    1	    0	    1	   50	  101	  150	4.834E-07	  256
HSV-2_UL15_734_30_121_270	HSV-1_UL15_735_30_221_370	HSV-1_UL15_735_30_221_370	0.979	   49	    1	    0	  102	  150	    2	   50	5.701E-05	  186
HSV-2_UL15_734_30_141_290	HSV-1_UL15_735_30_221_370	HSV-1_UL15_735_30_221_370	0.985	   69	    1	    0	   82	  150	    2	   70	3.953E-06	  243
HSV-2_UL15_734_30_161_310	HSV-1_UL15_735_30_221_370	HSV-1_UL15_735_30_221_370	0.977	   89	    2	    0	   62	  150	    2	   90	4.980E-09	  372
HSV-2_UL15_734_30_181_330	HSV-1_UL15_735_30_221_370	HSV-1_UL15_735_30_221_370	0.972	  108	    3	    0	   42	  149	    2	  109	9.025E-14	  551
HSV-2_UL15_734_30_201_350	HSV-1_UL15_735_30_221_370	HSV-1_UL15_735_30_221_370	0.976	  129	    3	    0	   22	  150	    2	  130	1.022E-22	  842
HSV-2_UL15_734_30_221_370	HSV-1_UL15_735_30_221_370	HSV-1_UL15_735_30_221_370	0.980	  150	    3	    0	    1	  150	    1	  150	4.773E-32	 1144
HSV-2_UL15_734_30_241_390	HSV-1_UL15_735_30_221_370	HSV-1_UL15_735_30_221_370	0.976	  130	    3	    0	    1	  130	   21	  150	2.846E-25	  896
HSV-2_UL15_734_30_261_410	HSV-1_UL15_735_30_221_370	HSV-1_UL15_735_30_221_370	0.981	  110	    2	    0	    1	  110	   41	  150	2.114E-22	  778
HSV-2_UL15_734_30_281_430	HSV-1_UL15_735_30_221_370	HSV-1_UL15_735_30_221_370	0.977	   90	    2	    0	    1	   90	   61	  150	2.008E-16	  585
HSV-2_UL15_734_30_301_450	HSV-1_UL15_735_30_221_370	HSV-1_UL15_735_30_221_370	0.985	   70	    1	    0	    1	   70	   81	  150	1.159E-09	  346
HSV-2_UL15_734_30_321_470	HSV-1_UL15_735_30_221_370	HSV-1_UL15_735_30_221_370	1.000	   48	    0	    0	    3	   50	  103	  150	5.780E-04	  157
HSV-1_UL9_851_36_081_230	HSV-1_UL15_735_30_241_390	HSV-1_UL15_735_30_241_390	0.138	  136	  113	    0	    1	  136	   18	  149	5.868E-04	   90
HSV-2_UL15_734_30_161_310	HSV-1_UL15_735_30_241_390	HSV-1_UL15_735_30_241_390	0.971	   70	    2	    0	   81	  150	    1	   70	3.798E-06	  260
HSV-2_UL15_734_30_181_330	HSV-1_UL15_735_30_241_390	HSV-1_UL15_735_30_241_390	0.966	   89	    3	    0	   61	  149	    1	   89	1.144E-10	  431
HSV-2_UL15_734_30_201_350	HSV-1_UL15_735_30_241_390	HSV-1_UL15_735_30_241_390	0.972	  110	    3	    0	   41	  150	    1	  110	1.027E-18	  698
HSV-2_UL15_734_30_221_370	HSV-1_UL15_735_30_241_390	HSV-1_UL15_735_30_241_390	0.976	  130	    3	    0	   21	  150	    1	  130	4.248E-26	  919
HSV-2_UL15_734_30_241_390	HSV-1_UL15_735_30_241_390	HSV-1_UL15_735_30_241_390	0.980	  150	    3	    0	    1	  150	    1	  150	3.646E-32	 1176
HSV-2_UL15_734_30_261_410	HSV-1_UL15_735_30_241_390	HSV-1_UL15_735_30_241_390	0.984	  130	    2	    0	    1	  130	   21	  150	6.726E-27	  942
HSV-2_UL15_734_30_281_430	HSV-1_UL15_735_30_241_390	HSV-1_UL15_735_30_241_390	0.981	  110	    2	    0	    1	  110	   41	  150	2.978E-21	  750
HSV-2_UL15_734_30_301_450	HSV-1_UL15_735_30_241_390	HSV-1_UL15_735_30_241_390	0.988	   90	    1	    0	    1	   90	   61	  150	3.461E-15	  526
HSV-2_UL15_734_30_321_470	HSV-1_UL15_735_30_241_390	HSV-1_UL15_735_30_241_390	1.000	   68	    0	    0	    3	   70	   83	  150	2.110E-09	  330
HSV-2_UL15_734_30_341_490	HSV-1_UL15_735_30_241_390	HSV-1_UL15_735_30_241_390	1.000	   50	    0	    0	    1	   50	  101	  150	2.393E-06	  223
HSV-2_UL15_734_30_161_310	HSV-1_UL15_735_30_261_410	HSV-1_UL15_735_30_261_410	0.980	   50	    1	    0	  101	  150	    1	   50	5.659E-04	  190
HSV-2_UL15_734_30_181_330	HSV-1_UL15_735_30_261_410	HSV-1_UL15_735_30_261_410	0.971	   69	    2	    0	   81	  149	    1	   69	1.443E-08	  369
HSV-2_UL15_734_30_201_350	HSV-1_UL15_735_30_261_410	HSV-1_UL15_735_30_261_410	0.977	   90	    2	    0	   61	  150	    1	   90	4.686E-16	  626
HSV-2_UL15_734_30_221_370	HSV-1_UL15_735_30_261_410	HSV-1_UL15_735_30_261_410	0.981	  110	    2	    0	   41	  150	    1	  110	2.533E-22	  793
HSV-2_UL15_734_30_241_390	HSV-1_UL15_735_30_261_410	HSV-1_UL15_735_30_261_410	0.984	  130	    2	    0	   21	  150	    1	  130	1.617E-26	  948
HSV-2_UL15_734_30_261_410	HSV-1_UL15_735_30_261_410	HSV-1_UL15_735_30_261_410	0.986	  150	    2	    0	    1	  150	    1	  150	3.163E-31	 1071
HSV-2_UL15_734_30_281_430	HSV-1_UL15_735_30_261_410	HSV-1_UL15_735_30_261_410	0.984	  130	    2	    0	    1	  130	   21	  150	2.348E-25	  867
HSV-2_UL15_734_30_301_450	HSV-1_UL15_735_30_261_410	HSV-1_UL15_735_30_261_410	0.990	  110	    1	    0	    1	  110	   41	  150	1.424E-19	  645
HSV-2_UL15_734_30_321_470	HSV-1_UL15_735_30_261_410	HSV-1_UL15_735_30_261_410	1.000	   88	    0	    0	    3	   90	   63	  150	1.291E-13	  441
HSV-2_UL15_734_30_341_490	HSV-1_UL15_735_30_261_410	HSV-1_UL15_735_30_261_410	1.000	   70	    0	    0	    1	   70	   81	  150	1.230E-10	  332
HSV-2_UL15_734_30_181_330	HSV-1_UL15_735_30_281_430	HSV-1_UL15_735_30_281_430	0.960	   50	    2	    0	  101	  150	    1	   50	1.477E-04	  200
HSV-2_UL15_734_30_201_350	HSV-1_UL15_735_30_281_430	HSV-1_UL15_735_30_281_430	0.971	   70	    2	    0	   81	  150	    1	   70	3.156E-11	  426
HSV-2_UL15_734_30_221_370	HSV-1_UL15_735_30_281_430	HSV-1_UL15_735_30_281_430	0.977	   90	    2	    0	   61	  150	    1	   90	1.422E-16	  560
HSV-2_UL15_734_30_241_390	HSV-1_UL15_735_30_281_430	HSV-1_UL15_735_30_281_430	0.981	  110	    2	    0	   41	  150	    1	  110	3.790E-21	  714
HSV-2_UL15_734_30_261_410	HSV-1_UL15_735_30_281_430	HSV-1_UL15_735_30_281_430	0.984	  130	    2	    0	   21	  150	    1	  130	1.181E-25	  830
HSV-2_UL15_734_30_281_430	HSV-1_UL15_735_30_281_430	HSV-1_UL15_735_30_281_430	0.986	  150	    2	    0	    1	  150	    1	  150	3.483E-30	  982
HSV-2_UL15_734_30_301_450	HSV-1_UL15_735_30_281_430	HSV-1_UL15_735_30_281_430	0.992	  130	    1	    0	    1	  130	   21	  150	7.613E-24	  726
HSV-2_UL15_734_30_321_470	HSV-1_UL15_735_30_281_430	HSV-1_UL15_735_30_281_430	1.000	  108	    0	    0	    3	  110	   43	  150	9.616E-18	  518
HSV-2_UL15_734_30_341_490	HSV-1_UL15_735_30_281_430	HSV-1_UL15_735_30_281_430	1.000	   90	    0	    0	    1	   90	   61	  150	1.079E-14	  404
HSV-2_UL15_734_30_361_510	HSV-1_UL15_735_30_281_430	HSV-1_UL15_735_30_281_430	1.000	   70	    0	    0	    1	   70	   81	  150	3.056E-09	  227
HSV-2_UL15_734_30_381_530	HSV-1_UL15_735_30_281_430	HSV-1_UL15_735_30_281_430	1.000	   50	    0	    0	    1	   50	  101	  150	2.297E-05	  115
HSV-2_UL15_734_30_201_350	HSV-1_UL15_735_30_301_450	HSV-1_UL15_735_30_301_450	0.980	   50	    1	    0	  101	  150	    1	   50	1.402E-06	  234
HSV-2_UL15_734_30_221_370	HSV-1_UL15_735_30_301_450	HSV-1_UL15_735_30_301_450	0.985	   70	    1	    0	   81	  150	    1	   70	5.045E-10	  315
HSV-2_UL15_734_30_241_390	HSV-1_UL15_735_30_301_450	HSV-1_UL15_735_30_301_450	0.988	   90	    1	    0	   61	  150	    1	   90	6.408E-15	  464
HSV-2_UL15_734_30_261_410	HSV-1_UL15_735_30_301_450	HSV-1_UL15_735_30_301_450	0.990	  110	    1	    0	   41	  150	    1	  110	9.637E-20	  593
HSV-2_UL15_734_30_281_430	HSV-1_UL15_735_30_301_450	HSV-1_UL15_735_30_301_450	0.992	  129	    1	    0	   22	  150	    2	  130	1.041E-23	  706
HSV-2_UL15_734_30_301_450	HSV-1_UL15_735_30_301_450	HSV-1_UL15_735_30_301_450	0.993	  150	    1	    0	    1	  150	    1	  150	8.942E-28	  778
HSV-2_UL15_734_30_321_470	HSV-1_UL15_735_30_301_450	HSV-1_UL15_735_30_301_450	1.000	  127	    0	    0	    3	  129	   23	  149	3.029E-21	  562
HSV-2_UL15_734_30_341_490	HSV-1_UL15_735_30_301_450	HSV-1_UL15_735_30_301_450	1.000	  109	    0	    0	    1	  109	   41	  149	1.560E-17	  431
HSV-2_UL15_734_30_361_510	HSV-1_UL15_735_30_301_450	HSV-1_UL15_735_30_301_450	1.000	   89	    0	    0	    1	   89	   61	  149	2.615E-11	  244
HSV-2_UL15_734_30_381_530	HSV-1_UL15_735_30_301_450	HSV-1_UL15_735_30_301_450	1.000	   69	    0	    0	    1	   69	   81	  149	1.975E-07	  142
HSV-2_UL15_734_30_401_550	HSV-1_UL15_735_30_301_450	HSV-1_UL15_735_30_301_450	1.000	   49	    0	    0	    1	   49	  101	  149	3.571E-05	  123
HSV-2_UL15_734_30_221_370	HSV-1_UL15_735_30_321_470	HSV-1_UL15_735_30_321_470	1.000	   48	    0	    0	  103	  150	    3	   50	2.651E-04	  144
HSV-2_UL15_734_30_241_390	HSV-1_UL15_735_30_321_470	HSV-1_UL15_735_30_321_470	1.000	   68	    0	    0	   83	  150	    3	   70	2.501E-09	  288
HSV-2_UL15_734_30_261_410	HSV-1_UL15_735_30_321_470	HSV-1_UL15_735_30_321_470	1.000	   87	    0	    0	   63	  149	    3	   89	1.413E-13	  401
HSV-2_UL15_734_30_281_430	HSV-1_UL15_735_30_321_470	HSV-1_UL15_735_30_321_470	1.000	  108	    0	    0	   43	  150	    3	  110	1.986E-17	  497
HSV-2_UL15_734_30_301_450	HSV-1_UL15_735_30_321_470	HSV-1_UL15_735_30_321_470	1.000	  127	    0	    0	   23	  149	    3	  129	4.705E-21	  546
HSV-2_UL15_734_30_321_470	HSV-1_UL15_735_30_321_470	HSV-1_UL15_735_30_321_470	0.993	  150	    1	    0	    1	  150	    1	  150	4.954E-25	  624
HSV-2_UL15_734_30_341_490	HSV-1_UL15_735_30_321_470	HSV-1_UL15_735_30_321_470	0.992	  130	    1	    0	    1	  130	   21	  150	4.111E-20	  455
HSV-2_UL15_734_30_361_510	HSV-1_UL15_735_30_321_470	HSV-1_UL15_735_30_321_470	0.990	  110	    1	    0	    1	  110	   41	  150	1.688E-14	  286
HSV-2_UL15_734_30_381_530	HSV-1_UL15_735_30_321_470	HSV-1_UL15_735_30_321_470	0.988	   90	    1	    0	    1	   90	   61	  150	3.065E-10	  180
HSV-2_UL15_734_30_401_550	HSV-1_UL15_735_30_321_470	HSV-1_UL15_735_30_321_470	0.985	   70	    1	    0	    1	   70	   81	  150	4.818E-08	  162
HSV-2_UL15_734_30_241_390	HSV-1_UL15_735_30_341_490	HSV-1_UL15_735_30_341_490	1.000	   50	    0	    0	  101	  150	    1	   50	3.578E-06	  196
HSV-2_UL15_734_30_261_410	HSV-1_UL15_735_30_341_490	HSV-1_UL15_735_30_341_490	1.000	   69	    0	    0	   81	  149	    1	   69	2.699E-10	  305
HSV-2_UL15_734_30_281_430	HSV-1_UL15_735_30_341_490	HSV-1_UL15_735_30_341_490	1.000	   90	    0	    0	   61	  150	    1	   90	4.735E-14	  390
HSV-2_UL15_734_30_301_450	HSV-1_UL15_735_30_341_490	HSV-1_UL15_735_30_341_490	1.000	  109	    0	    0	   41	  149	    1	  109	2.886E-17	  421
HSV-2_UL15_734_30_321_470	HSV-1_UL15_735_30_341_490	HSV-1_UL15_735_30_341_490	0.992	  130	    1	    0	   21	  150	    1	  130	3.208E-20	  453
HSV-2_UL15_734_30_341_490	HSV-1_UL15_735_30_341_490	HSV-1_UL15_735_30_341_490	0.993	  150	    1	    0	    1	  150	    1	  150	1.977E-24	  563
HSV-2_UL15_734_30_361_510	HSV-1_UL15_735_30_341_490	HSV-1_UL15_735_30_341_490	0.992	  130	    1	    0	    1	  130	   21	  150	2.130E-18	  375
HSV-2_UL15_734_30_381_530	HSV-1_UL15_735_30_341_490	HSV-1_UL15_735_30_341_490	0.990	  110	    1	    0	    1	  110	   41	  150	8.054E-14	  260
HSV-2_UL15_734_30_401_550	HSV-1_UL15_735_30_341_490	HSV-1_UL15_735_30_341_490	0.988	   90	    1	    0	    1	   90	   61	  150	1.955E-11	  223
HSV-2_UL15_734_30_421_570	HSV-1_UL15_735_30_341_490	HSV-1_UL15_735_30_341_490	0.985	   69	    1	    0	    2	   70	   82	  150	4.402E-07	  152
HSV-2_UL15_734_30_441_590	HSV-1_UL15_735_30_341_490	HSV-1_UL15_735_30_341_490	0.980	   50	    1	    0	    1	   50	  101	  150	3.664E-05	  131
HSV-2_UL15_734_30_281_430	HSV-1_UL15_735_30_361_510	HSV-1_UL15_735_30_361_510	1.000	   70	    0	    0	   81	  150	    1	   70	3.672E-08	  206
HSV-2_UL15_734_30_301_450	HSV-1_UL15_735_30_361_510	HSV-1_UL15_735_30_361_510	1.000	   89	    0	    0	   61	  149	    1	   89	6.473E-11	  228
HSV-2_UL15_734_30_321_470	HSV-1_UL15_735_30_361_510	HSV-1_UL15_735_30_361_510	0.990	  110	    1	    0	   41	  150	    1	  110	1.379E-13	  262
HSV-2_UL15_734_30_341_490	HSV-1_UL15_735_30_361_510	HSV-1_UL15_735_30_361_510	0.992	  130	    1	    0	   21	  150	    1	  130	1.277E-17	  352
HSV-2_UL15_734_30_361_510	HSV-1_UL15_735_30_361_510	HSV-1_UL15_735_30_361_510	0.986	  150	    2	    0	    1	  150	    1	  150	6.443E-23	  499
HSV-2_UL15_734_30_381_530	HSV-1_UL15_735_30_361_510	HSV-1_UL15_735_30_361_510	0.984	  130	    2	    0	    1	  130	   21	  150	2.356E-16	  334
HSV-2_UL15_734_30_401_550	HSV-1_UL15_735_30_361_510	HSV-1_UL15_735_30_361_510	0.981	  110	    2	    0	    1	  110	   41	  150	1.116E-13	  299
HSV-2_UL15_734_30_421_570	HSV-1_UL15_735_30_361_510	HSV-1_UL15_735_30_361_510	0.977	   89	    2	    0	    2	   90	   62	  150	3.935E-09	  215
HSV-2_UL15_734_30_441_590	HSV-1_UL15_735_30_361_510	HSV-1_UL15_735_30_361_510	0.971	   70	    2	    0	    1	   70	   81	  150	9.752E-07	  179
HSV-2_UL15_734_30_281_430	HSV-1_UL15_735_30_381_530	HSV-1_UL15_735_30_381_530	1.000	   50	    0	    0	  101	  150	    1	   50	3.131E-05	  117
HSV-2_UL15_734_30_301_450	HSV-1_UL15_735_30_381_530	HSV-1_UL15_735_30_381_530	1.000	   69	    0	    0	   81	  149	    1	   69	7.218E-08	  139
HSV-2_UL15_734_30_321_470	HSV-1_UL15_735_30_381_530	HSV-1_UL15_735_30_381_530	0.988	   90	    1	    0	   61	  150	    1	   90	8.500E-11	  176
HSV-2_UL15_734_30_341_490	HSV-1_UL15_735_30_381_530	HSV-1_UL15_735_30_381_530	0.990	  110	    1	    0	   41	  150	    1	  110	9.442E-15	  258
HSV-2_UL15_734_30_361_510	HSV-1_UL15_735_30_381_530	HSV-1_UL15_735_30_381_530	0.984	  130	    2	    0	   21	  150	    1	  130	7.246E-18	  349
HSV-2_UL15_734_30_381_530	HSV-1_UL15_735_30_381_530	HSV-1_UL15_735_30_381_530	0.980	  150	    3	    0	    1	  150	    1	  150	6.862E-22	  496
HSV-2_UL15_734_30_401_550	HSV-1_UL15_735_30_381_530	HSV-1_UL15_735_30_381_530	0.976	  130	    3	    0	    1	  130	   21	  150	7.466E-18	  425
HSV-2_UL15_734_30_421_570	HSV-1_UL15_735_30_381_530	HSV-1_UL15_735_30_381_530	0.972	  109	    3	    0	    2	  110	   42	  150	2.314E-13	  340
HSV-2_UL15_734_30_441_590	HSV-1_UL15_735_30_381_530	HSV-1_UL15_735_30_381_530	0.966	   90	    3	    0	    1	   90	   61	  150	1.264E-11	  310
HSV-2_UL15_734_30_461_610	HSV-1_UL15_735_30_381_530	HSV-1_UL15_735_30_381_530	0.971	   69	    2	    0	    2	   70	   82	  150	3.621E-08	  252
HSV-2_UL15_734_30_481_630	HSV-1_UL15_735_30_381_530	HSV-1_UL15_735_30_381_530	0.959	   49	    2	    0	    2	   50	  102	  150	9.878E-06	  179
HSV-2_UL15_734_30_301_450	HSV-1_UL15_735_30_401_550	HSV-1_UL15_735_30_401_550	1.000	   49	    0	    0	  101	  149	    1	   49	9.871E-06	  114
HSV-2_UL15_734_30_321_470	HSV-1_UL15_735_30_401_550	HSV-1_UL15_735_30_401_550	0.985	   70	    1	    0	   81	  150	    1	   70	3.566E-09	  157
HSV-2_UL15_734_30_341_490	HSV-1_UL15_735_30_401_550	HSV-1_UL15_735_30_401_550	0.988	   90	    1	    0	   61	  150	    1	   90	4.235E-13	  223
HSV-2_UL15_734_30_361_510	HSV-1_UL15_735_30_401_550	HSV-1_UL15_735_30_401_550	0.981	  110	    2	    0	   41	  150	    1	  110	3.498E-16	  324
HSV-2_UL15_734_30_381_530	HSV-1_UL15_735_30_401_550	HSV-1_UL15_735_30_401_550	0.976	  130	    3	    0	   21	  150	    1	  130	4.712E-19	  450
HSV-2_UL15_734_30_401_550	HSV-1_UL15_735_30_401_550	HSV-1_UL15_735_30_401_550	0.973	  150	    4	    0	    1	  150	    1	  150	2.968E-23	  637
HSV-2_UL15_734_30_421_570	HSV-1_UL15_735_30_401_550	HSV-1_UL15_735_30_401_550	0.968	  129	    4	    0	    2	  130	   22	  150	9.764E-19	  528
HSV-2_UL15_734_30_441_590	HSV-1_UL15_735_30_401_550	HSV-1_UL15_735_30_401_550	0.963	  110	    4	    0	    1	  110	   41	  150	5.661E-17	  494
HSV-2_UL15_734_30_461_610	HSV-1_UL15_735_30_401_550	HSV-1_UL15_735_30_401_550	0.966	   89	    3	    0	    2	   90	   62	  150	9.962E-13	  419
HSV-2_UL15_734_30_481_630	HSV-1_UL15_735_30_401_550	HSV-1_UL15_735_30_401_550	0.956	   69	    3	    0	    2	   70	   82	  150	2.494E-10	  350
HSV-2_UL15_734_30_501_650	HSV-1_UL15_735_30_401_550	HSV-1_UL15_735_30_401_550	0.940	   50	    3	    0	    1	   50	  101	  150	3.718E-06	  199
HSV-2_UL15_734_30_321_470	HSV-1_UL15_735_30_421_570	HSV-1_UL15_735_30_421_570	0.980	   50	    1	    0	  101	  150	    1	   50	1.558E-04	   92
HSV-2_UL15_734_30_341_490	HSV-1_UL15_735_30_421_570	HSV-1_UL15_735_30_421_570	0.985	   70	    1	    0	   81	  150	    1	   70	2.241E-08	  152
HSV-2_UL15_734_30_361_510	HSV-1_UL15_735_30_421_570	HSV-1_UL15_735_30_421_570	0.977	   90	    2	    0	   61	  150	    1	   90	4.210E-11	  241
HSV-2_UL15_734_30_381_530	HSV-1_UL15_735_30_421_570	HSV-1_UL15_735_30_421_570	0.972	  110	    3	    0	   41	  150	    1	  110	1.364E-14	  378
HSV-2_UL15_734_30_401_550	HSV-1_UL15_735_30_421_570	HSV-1_UL15_735_30_421_570	0.968	  129	    4	    0	   21	  149	    1	  129	1.663E-18	  538
HSV-2_UL15_734_30_421_570	HSV-1_UL15_735_30_421_570	HSV-1_UL15_735_30_421_570	0.966	  150	    5	    0	    1	  150	    1	  150	2.026E-23	  727
HSV-2_UL15_734_30_441_590	HSV-1_UL15_735_30_421_570	HSV-1_UL15_735_30_421_570	0.961	  130	    5	    0	    1	  130	   21	  150	2.407E-21	  668
HSV-2_UL15_734_30_461_610	HSV-1_UL15_735_30_421_570	HSV-1_UL15_735_30_421_570	0.963	  109	    4	    0	    2	  110	   42	  150	1.261E-16	  569
HSV-2_UL15_734_30_481_630	HSV-1_UL15_735_30_421_570	HSV-1_UL15_735_30_421_570	0.955	   89	    4	    0	    2	   90	   62	  150	2.594E-14	  502
HSV-2_UL15_734_30_501_650	HSV-1_UL15_735_30_421_570	HSV-1_UL15_735_30_421_570	0.942	   70	    4	    0	    1	   70	   81	  150	1.223E-09	  324
HSV-2_UL15_734_30_341_490	HSV-1_UL15_735_30_441_590	HSV-1_UL15_735_30_441_590	0.980	   50	    1	    0	  101	  150	    1	   50	3.818E-06	  138
HSV-2_UL15_734_30_361_510	HSV-1_UL15_735_30_441_590	HSV-1_UL15_735_30_441_590	0.971	   70	    2	    0	   81	  150	    1	   70	2.694E-08	  219
HSV-2_UL15_734_30_381_530	HSV-1_UL15_735_30_441_590	HSV-1_UL15_735_30_441_590	0.966	   90	    3	    0	   61	  150	    1	   90	2.321E-12	  368
HSV-2_UL15_734_30_401_550	HSV-1_UL15_735_30_441_590	HSV-1_UL15_735_30_441_590	0.963	  109	    4	    0	   41	  149	    1	  109	2.434E-16	  530
HSV-2_UL15_734_30_421_570	HSV-1_UL15_735_30_441_590	HSV-1_UL15_735_30_441_590	0.961	  130	    5	    0	   21	  150	    1	  130	7.262E-21	  696
HSV-2_UL15_734_30_441_590	HSV-1_UL15_735_30_441_590	HSV-1_UL15_735_30_441_590	0.960	  150	    6	    0	    1	  150	    1	  150	7.886E-27	  897
HSV-2_UL15_734_30_461_610	HSV-1_UL15_735_30_441_590	HSV-1_UL15_735_30_441_590	0.960	  128	    5	    0	    2	  129	   22	  149	1.569E-21	  771
HSV-2_UL15_734_30_481_630	HSV-1_UL15_735_30_441_590	HSV-1_UL15_735_30_441_590	0.953	  108	    5	    0	    2	  109	   42	  149	1.984E-18	  668
HSV-2_UL15_734_30_501_650	HSV-1_UL15_735_30_441_590	HSV-1_UL15_735_30_441_590	0.943	   89	    5	    0	    1	   89	   61	  149	9.516E-14	  477
HSV-2_UL15_734_30_521_670	HSV-1_UL15_735_30_441_590	HSV-1_UL15_735_30_441_590	0.941	   68	    4	    0	    2	   69	   82	  149	6.990E-07	  222
HSV-2_UL15_734_30_361_510	HSV-1_UL15_735_30_461_610	HSV-1_UL15_735_30_461_610	0.980	   50	    1	    0	  101	  150	    1	   50	9.440E-05	  162
HSV-2_UL15_734_30_381_530	HSV-1_UL15_735_30_461_610	HSV-1_UL15_735_30_461_610	0.971	   70	    2	    0	   81	  150	    1	   70	1.003E-08	  306
HSV-2_UL15_734_30_401_550	HSV-1_UL15_735_30_461_610	HSV-1_UL15_735_30_461_610	0.966	   89	    3	    0	   61	  149	    1	   89	6.764E-13	  471
HSV-2_UL15_734_30_421_570	HSV-1_UL15_735_30_461_610	HSV-1_UL15_735_30_461_610	0.963	  110	    4	    0	   41	  150	    1	  110	2.838E-17	  627
HSV-2_UL15_734_30_441_590	HSV-1_UL15_735_30_461_610	HSV-1_UL15_735_30_461_610	0.961	  129	    5	    0	   21	  149	    1	  129	8.228E-23	  810
HSV-2_UL15_734_30_461_610	HSV-1_UL15_735_30_461_610	HSV-1_UL15_735_30_461_610	0.946	  150	    8	    0	    1	  150	    1	  150	2.993E-26	  970
HSV-2_UL15_734_30_481_630	HSV-1_UL15_735_30_461_610	HSV-1_UL15_735_30_461_610	0.937	  129	    8	    0	    2	  130	   22	  150	1.341E-22	  835
HSV-2_UL15_734_30_501_650	HSV-1_UL15_735_30_461_610	HSV-1_UL15_735_30_461_610	0.927	  110	    8	    0	    1	  110	   41	  150	6.534E-18	  638
HSV-2_UL15_734_30_521_670	HSV-1_UL15_735_30_461_610	HSV-1_UL15_735_30_461_610	0.921	   89	    7	    0	    2	   90	   62	  150	3.188E-10	  343
HSV-2_UL15_734_30_541_690	HSV-1_UL15_735_30_461_610	HSV-1_UL15_735_30_461_610	0.928	   70	    5	    0	    1	   70	   81	  150	1.374E-07	  259
HSV-2_UL15_734_30_381_530	HSV-1_UL15_735_30_481_630	HSV-1_UL15_735_30_481_630	0.959	   49	    2	    0	  102	  150	    2	   50	2.023E-05	  227
HSV-2_UL15_734_30_401_550	HSV-1_UL15_735_30_481_630	HSV-1_UL15_735_30_481_630	0.955	   68	    3	    0	   82	  149	    2	   69	9.141E-10	  397
HSV-2_UL15_734_30_421_570	HSV-1_UL15_735_30_481_630	HSV-1_UL15_735_30_481_630	0.955	   89	    4	    0	   62	  150	    2	   90	5.002E-14	  551
HSV-2_UL15_734_30_441_590	HSV-1_UL15_735_30_481_630	HSV-1_UL15_735_30_481_630	0.953	  108	    5	    0	   42	  149	    2	  109	1.249E-18	  705
HSV-2_UL15_734_30_461_610	HSV-1_UL15_735_30_481_630	HSV-1_UL15_735_30_481_630	0.945	  128	    7	    0	   22	  149	    2	  129	4.628E-22	  849
HSV-2_UL15_734_30_481_630	HSV-1_UL15_735_30_481_630	HSV-1_UL15_735_30_481_630	0.926	  150	   11	    0	    1	  149	    1	  150	4.899E-27	 1025
HSV-2_UL15_734_30_501_650	HSV-1_UL15_735_30_481_630	HSV-1_UL15_735_30_481_630	0.915	  130	   11	    0	    1	  129	   21	  150	1.148E-21	  790
HSV-2_UL15_734_30_521_670	HSV-1_UL15_735_30_481_630	HSV-1_UL15_735_30_481_630	0.908	  109	   10	    0	    2	  109	   42	  150	3.464E-14	  488
HSV-2_UL15_734_30_541_690	HSV-1_UL15_735_30_481_630	HSV-1_UL15_735_30_481_630	0.911	   90	    8	    0	    1	   89	   61	  150	1.060E-11	  407
HSV-2_UL15_734_30_561_710	HSV-1_UL15_735_30_481_630	HSV-1_UL15_735_30_481_630	0.884	   69	    8	    0	    2	   69	   82	  150	6.151E-07	  257
HSV-2_UL15_734_30_401_550	HSV-1_UL15_735_30_501_650	HSV-1_UL15_735_30_501_650	0.938	   49	    3	    0	  101	  149	    1	   49	5.223E-06	  243
HSV-2_UL15_734_30_421_570	HSV-1_UL15_735_30_501_650	HSV-1_UL15_735_30_501_650	0.942	   70	    4	    0	   81	  150	    1	   70	1.228E-09	  374
HSV-2_UL15_734_30_441_590	HSV-1_UL15_735_30_501_650	HSV-1_UL15_735_30_501_650	0.943	   89	    5	    0	   61	  149	    1	   89	7.050E-14	  516
HSV-2_UL15_734_30_461_610	HSV-1_UL15_735_30_501_650	HSV-1_UL15_735_30_501_650	0.935	  109	    7	    0	   41	  149	    1	  109	2.426E-17	  659
HSV-2_UL15_734_30_481_630	HSV-1_UL15_735_30_501_650	HSV-1_UL15_735_30_501_650	0.916	  131	   11	    0	   21	  150	    1	  131	4.592E-22	  823
HSV-2_UL15_734_30_501_650	HSV-1_UL15_735_30_501_650	HSV-1_UL15_735_30_501_650	0.920	  150	   12	    0	    1	  149	    1	  150	1.837E-27	 1024
HSV-2_UL15_734_30_521_670	HSV-1_UL15_735_30_501_650	HSV-1_UL15_735_30_501_650	0.914	  129	   11	    0	    2	  129	   22	  150	1.295E-20	  720
HSV-2_UL15_734_30_541_690	HSV-1_UL15_735_30_501_650	HSV-1_UL15_735_30_501_650	0.918	  110	    9	    0	    1	  109	   41	  150	1.003E-17	  612
HSV-2_UL15_734_30_561_710	HSV-1_UL15_735_30_501_650	HSV-1_UL15_735_30_501_650	0.898	   89	    9	    0	    2	   89	   62	  150	1.030E-12	  449
HSV-2_UL15_734_30_581_734	HSV-1_UL15_735_30_501_650	HSV-1_UL15_735_30_501_650	0.900	   70	    7	    0	    1	   69	   81	  150	4.373E-07	  256
HSV-2_UL15_734_30_441_590	HSV-1_UL15_735_30_521_670	HSV-1_UL15_735_30_521_670	0.941	   68	    4	    0	   82	  149	    2	   69	5.556E-07	  245
HSV-2_UL15_734_30_461_610	HSV-1_UL15_735_30_521_670	HSV-1_UL15_735_30_521_670	0.931	   88	    6	    0	   62	  149	    2	   89	4.746E-10	  364
HSV-2_UL15_734_30_481_630	HSV-1_UL15_735_30_521_670	HSV-1_UL15_735_30_521_670	0.909	  110	   10	    0	   42	  150	    2	  111	1.318E-14	  520
HSV-2_UL15_734_30_501_650	HSV-1_UL15_735_30_521_670	HSV-1_UL15_735_30_521_670	0.914	  129	   11	    0	   22	  149	    2	  130	4.349E-20	  714
HSV-2_UL15_734_30_521_670	HSV-1_UL15_735_30_521_670	HSV-1_UL15_735_30_521_670	0.913	  150	   13	    0	    1	  149	    1	  150	1.178E-28	 1033
HSV-2_UL15_734_30_541_690	HSV-1_UL15_735_30_521_670	HSV-1_UL15_735_30_521_670	0.915	  130	   11	    0	    1	  129	   21	  150	5.928E-22	  757
HSV-2_UL15_734_30_561_710	HSV-1_UL15_735_30_521_670	HSV-1_UL15_735_30_521_670	0.900	  110	   11	    0	    1	  109	   41	  150	7.908E-16	  553
HSV-2_UL15_734_30_581_734	HSV-1_UL15_735_30_521_670	HSV-1_UL15_735_30_521_670	0.900	   90	    9	    0	    1	   89	   61	  150	1.267E-09	  328
HSV-2_UL15_734_30_461_610	HSV-1_UL15_735_30_541_690	HSV-1_UL15_735_30_541_690	0.942	   69	    4	    0	   81	  149	    1	   69	3.916E-07	  261
HSV-2_UL15_734_30_481_630	HSV-1_UL15_735_30_541_690	HSV-1_UL15_735_30_541_690	0.912	   91	    8	    0	   61	  150	    1	   91	1.016E-11	  418
HSV-2_UL15_734_30_501_650	HSV-1_UL15_735_30_541_690	HSV-1_UL15_735_30_541_690	0.918	  110	    9	    0	   41	  149	    1	  110	7.524E-17	  584
HSV-2_UL15_734_30_521_670	HSV-1_UL15_735_30_541_690	HSV-1_UL15_735_30_541_690	0.916	  131	   11	    0	   21	  150	    1	  131	1.088E-21	  741
HSV-2_UL15_734_30_541_690	HSV-1_UL15_735_30_541_690	HSV-1_UL15_735_30_541_690	0.913	  150	   13	    0	    1	  149	    1	  150	3.880E-27	  958
HSV-2_UL15_734_30_561_710	HSV-1_UL15_735_30_541_690	HSV-1_UL15_735_30_541_690	0.900	  130	   13	    0	    1	  129	   21	  150	1.044E-19	  689
HSV-2_UL15_734_30_581_734	HSV-1_UL15_735_30_541_690	HSV-1_UL15_735_30_541_690	0.900	  110	   11	    0	    1	  109	   41	  150	3.732E-13	  452
HSV-2_UL15_734_30_481_630	HSV-1_UL15_735_30_561_710	HSV-1_UL15_735_30_561_710	0.885	   70	    8	    0	   82	  150	    2	   71	2.958E-07	  260
HSV-2_UL15_734_30_501_650	HSV-1_UL15_735_30_561_710	HSV-1_UL15_735_30_561_710	0.898	   89	    9	    0	   62	  149	    2	   90	2.634E-12	  423
HSV-2_UL15_734_30_521_670	HSV-1_UL15_735_30_561_710	HSV-1_UL15_735_30_561_710	0.900	  111	   11	    0	   41	  150	    1	  111	3.611E-16	  537
HSV-2_UL15_734_30_541_690	HSV-1_UL15_735_30_561_710	HSV-1_UL15_735_30_561_710	0.900	  131	   13	    0	   21	  150	    1	  131	2.032E-20	  706
HSV-2_UL15_734_30_561_710	HSV-1_UL15_735_30_561_710	HSV-1_UL15_735_30_561_710	0.899	  149	   15	    0	    1	  148	    1	  149	4.166E-26	  941
HSV-2_UL15_734_30_581_734	HSV-1_UL15_735_30_561_710	HSV-1_UL15_735_30_561_710	0.899	  129	   13	    0	    1	  128	   21	  149	3.394E-19	  682
HSV-2_UL15_734_30_501_650	HSV-1_UL15_735_30_581_735	HSV-1_UL15_735_30_581_735	0.900	   70	    7	    0	   81	  149	    1	   70	3.660E-07	  248
HSV-2_UL15_734_30_521_670	HSV-1_UL15_735_30_581_735	HSV-1_UL15_735_30_581_735	0.901	   91	    9	    0	   61	  150	    1	   91	4.713E-10	  323
HSV-2_UL15_734_30_541_690	HSV-1_UL15_735_30_581_735	HSV-1_UL15_735_30_581_735	0.900	  111	   11	    0	   41	  150	    1	  111	5.839E-14	  467
HSV-2_UL15_734_30_561_710	HSV-1_UL15_735_30_581_735	HSV-1_UL15_735_30_581_735	0.900	  130	   13	    0	   21	  149	    1	  130	7.539E-20	  692
HSV-2_UL15_734_30_581_734	HSV-1_UL15_735_30_581_735	HSV-1_UL15_735_30_581_735	0.870	  155	   20	    0	    1	  154	    1	  155	3.038E-24	  892
HSV-2_UL15_734_30_241_390	HSV-1_UL9_851_36_061_210	HSV-1_UL9_851_36_061_210	0.137	  136	  113	    0	   11	  142	   14	  149	4.263E-04	   88
HSV-1_UL15_735_30_241_390	HSV-1_UL9_851_36_081_230	HSV-1_UL9_851_36_081_230	0.130	  136	  114	    0	   18	  149	    1	  136	4.353E-04	   81
HSV-2_UL15_734_30_241_390	HSV-1_UL9_851_36_081_230	HSV-1_UL9_851_36_081_230	0.123	  135	  116	    0	   18	  150	    1	  135	4.543E-04	   83
HSV-1_UL15_735_30_001_150	HSV-2_UL15_734_30_001_150	HSV-2_UL15_734_30_001_150	0.953	  150	    7	    0	    1	  150	    1	  150	3.277E-23	  615
HSV-1_UL15_735_30_021_170	HSV-2_UL15_734_30_001_150	HSV-2_UL15_734_30_001_150	0.946	  130	    7	    0	    1	  130	   21	  150	1.095E-18	  572
HSV-1_UL15_735_30_041_190	HSV-2_UL15_734_30_001_150	HSV-2_UL15_734_30_001_150	0.963	  110	    4	    0	    1	  110	   41	  150	2.369E-17	  558
HSV-1_UL15_735_30_001_150	HSV-2_UL15_734_30_021_170	HSV-2_UL15_734_30_021_170	0.945	  129	    7	    0	   22	  150	    2	  130	2.239E-19	  560
HSV-1_UL15_735_30_021_170	HSV-2_UL15_734_30_021_170	HSV-2_UL15_734_30_021_170	0.953	  150	    7	    0	    1	  150	    1	  150	1.022E-22	  720
HSV-1_UL15_735_30_041_190	HSV-2_UL15_734_30_021_170	HSV-2_UL15_734_30_021_170	0.968	  129	    4	    0	    1	  129	   21	  149	3.722E-21	  688
HSV-1_UL15_735_30_061_210	HSV-2_UL15_734_30_021_170	HSV-2_UL15_734_30_021_170	0.963	  109	    4	    0	    1	  109	   41	  149	2.860E-12	  431
HSV-1_UL15_735_30_081_230	HSV-2_UL15_734_30_021_170	HSV-2_UL15_734_30_021_170	0.955	   89	    4	    0	    1	   89	   61	  149	2.551E-08	  299
HSV-1_UL15_735_30_001_150	HSV-2_UL15_734_30_041_190	HSV-2_UL15_734_30_041_190	0.963	  110	    4	    0	   41	  150	    1	  110	7.551E-17	  528
HSV-1_UL15_735_30_021_170	HSV-2_UL15_734_30_041_190	HSV-2_UL15_734_30_041_190	0.968	  129	    4	    0	   21	  149	    1	  129	1.799E-19	  660
HSV-1_UL15_735_30_041_190	HSV-2_UL15_734_30_041_190	HSV-2_UL15_734_30_041_190	0.966	  150	    5	    0	    1	  150	    1	  150	9.505E-26	  829
HSV-1_UL15_735_30_061_210	HSV-2_UL15_734_30_041_190	HSV-2_UL15_734_30_041_190	0.961	  130	    5	    0	    1	  130	   21	  150	1.988E-16	  563
HSV-1_UL15_735_30_081_230	HSV-2_UL15_734_30_041_190	HSV-2_UL15_734_30_041_190	0.954	  110	    5	    0	    1	  110	   41	  150	4.364E-12	  425
HSV-1_UL15_735_30_101_250	HSV-2_UL15_734_30_041_190	HSV-2_UL15_734_30_041_190	0.955	   90	    4	    0	    1	   90	   61	  150	1.655E-08	  305
HSV-1_UL15_735_30_121_270	HSV-2_UL15_734_30_041_190	HSV-2_UL15_734_30_041_190	0.942	   70	    4	    0	    1	   70	   81	  150	6.144E-06	  241
HSV-1_UL15_735_30_001_150	HSV-2_UL15_734_30_061_210	HSV-2_UL15_734_30_061_210	0.955	   90	    4	    0	   61	  150	    1	   90	4.955E-10	  282
HSV-1_UL15_735_30_021_170	HSV-2_UL15_734_30_061_210	HSV-2_UL15_734_30_061_210	0.963	  109	    4	    0	   41	  149	    1	  109	8.089E-13	  404
HSV-1_UL15_735_30_041_190	HSV-2_UL15_734_30_061_210	HSV-2_UL15_734_30_061_210	0.961	  130	    5	    0	   21	  150	    1	  130	6.066E-18	  542
HSV-1_UL15_735_30_061_210	HSV-2_UL15_734_30_061_210	HSV-2_UL15_734_30_061_210	0.960	  150	    6	    0	    1	  150	    1	  150	1.806E-21	  753
HSV-1_UL15_735_30_081_230	HSV-2_UL15_734_30_061_210	HSV-2_UL15_734_30_061_210	0.953	  130	    6	    0	    1	  130	   21	  150	5.348E-16	  579
HSV-1_UL15_735_30_101_250	HSV-2_UL15_734_30_061_210	HSV-2_UL15_734_30_061_210	0.954	  109	    5	    0	    1	  109	   41	  149	7.753E-12	  431
HSV-1_UL15_735_30_121_270	HSV-2_UL15_734_30_061_210	HSV-2_UL15_734_30_061_210	0.943	   89	    5	    0	    1	   89	   61	  149	1.090E-08	  344
HSV-1_UL15_735_30_141_290	HSV-2_UL15_734_30_061_210	HSV-2_UL15_734_30_061_210	0.970	   68	    2	    0	    2	   69	   82	  149	3.269E-05	  214
HSV-1_UL15_735_30_001_150	HSV-2_UL15_734_30_081_230	HSV-2_UL15_734_30_081_230	0.942	   70	    4	    0	   81	  150	    1	   70	2.606E-06	  165
HSV-1_UL15_735_30_021_170	HSV-2_UL15_734_30_081_230	HSV-2_UL15_734_30_081_230	0.955	   89	    4	    0	   61	  149	    1	   89	5.960E-09	  275
HSV-1_UL15_735_30_041_190	HSV-2_UL15_734_30_081_230	HSV-2_UL15_734_30_081_230	0.954	  110	    5	    0	   41	  150	    1	  110	3.862E-14	  415
HSV-1_UL15_735_30_061_210	HSV-2_UL15_734_30_081_230	HSV-2_UL15_734_30_081_230	0.953	  130	    6	    0	   21	  150	    1	  130	6.770E-17	  574
HSV-1_UL15_735_30_081_230	HSV-2_UL15_734_30_081_230	HSV-2_UL15_734_30_081_230	0.960	  150	    6	    0	    1	  150	    1	  150	7.323E-20	  752
HSV-1_UL15_735_30_101_250	HSV-2_UL15_734_30_081_230	HSV-2_UL15_734_30_081_230	0.961	  129	    5	    0	    1	  129	   21	  149	5.045E-15	  562
HSV-1_UL15_735_30_121_270	HSV-2_UL15_734_30_081_230	HSV-2_UL15_734_30_081_230	0.954	  109	    5	    0	    1	  109	   41	  149	7.770E-12	  471
HSV-1_UL15_735_30_141_290	HSV-2_UL15_734_30_081_230	HSV-2_UL15_734_30_081_230	0.977	   88	    2	    0	    2	   89	   62	  149	3.095E-08	  334
HSV-1_UL15_735_30_161_310	HSV-2_UL15_734_30_081_230	HSV-2_UL15_734_30_081_230	0.970	   68	    2	    0	    2	   69	   82	  149	2.953E-05	  210
HSV-1_UL15_735_30_041_190	HSV-2_UL15_734_30_101_250	HSV-2_UL15_734_30_101_250	0.955	   90	    4	    0	   61	  150	    1	   90	4.131E-10	  285
HSV-1_UL15_735_30_061_210	HSV-2_UL15_734_30_101_250	HSV-2_UL15_734_30_101_250	0.954	  109	    5	    0	   41	  149	    1	  109	3.125E-13	  434
HSV-1_UL15_735_30_081_230	HSV-2_UL15_734_30_101_250	HSV-2_UL15_734_30_101_250	0.961	  129	    5	    0	   21	  149	    1	  129	9.858E-16	  579
HSV-1_UL15_735_30_101_250	HSV-2_UL15_734_30_101_250	HSV-2_UL15_734_30_101_250	0.960	  150	    6	    0	    1	  150	    1	  150	5.708E-20	  786
HSV-1_UL15_735_30_121_270	HSV-2_UL15_734_30_101_250	HSV-2_UL15_734_30_101_250	0.953	  130	    6	    0	    1	  130	   21	  150	2.597E-16	  675
HSV-1_UL15_735_30_141_290	HSV-2_UL15_734_30_101_250	HSV-2_UL15_734_30_101_250	0.972	  109	    3	    0	    2	  110	   42	  150	1.231E-12	  536
HSV-1_UL15_735_30_161_310	HSV-2_UL15_734_30_101_250	HSV-2_UL15_734_30_101_250	0.966	   89	    3	    0	    2	   90	   62	  150	3.426E-09	  385
HSV-1_UL15_735_30_181_330	HSV-2_UL15_734_30_101_250	HSV-2_UL15_734_30_101_250	0.971	   70	    2	    0	    1	   70	   81	  150	2.193E-06	  266
HSV-1_UL15_735_30_201_350	HSV-2_UL15_734_30_101_250	HSV-2_UL15_734_30_101_250	0.980	   50	    1	    0	    1	   50	  101	  150	5.483E-05	  207
HSV-1_UL15_735_30_041_190	HSV-2_UL15_734_30_121_270	HSV-2_UL15_734_30_121_270	0.942	   70	    4	    0	   81	  150	    1	   70	1.963E-07	  232
HSV-1_UL15_735_30_061_210	HSV-2_UL15_734_30_121_270	HSV-2_UL15_734_30_121_270	0.943	   89	    5	    0	   61	  149	    1	   89	4.627E-10	  359
HSV-1_UL15_735_30_081_230	HSV-2_UL15_734_30_121_270	HSV-2_UL15_734_30_121_270	0.954	  109	    5	    0	   41	  149	    1	  109	1.517E-12	  495
HSV-1_UL15_735_30_101_250	HSV-2_UL15_734_30_121_270	HSV-2_UL15_734_30_121_270	0.953	  130	    6	    0	   21	  150	    1	  130	1.436E-16	  688
HSV-1_UL15_735_30_121_270	HSV-2_UL15_734_30_121_270	HSV-2_UL15_734_30_121_270	0.960	  150	    6	    0	    1	  150	    1	  150	3.322E-20	  860
HSV-1_UL15_735_30_141_290	HSV-2_UL15_734_30_121_270	HSV-2_UL15_734_30_121_270	0.976	  129	    3	    0	    2	  130	   22	  150	1.705E-16	  715
HSV-1_UL15_735_30_161_310	HSV-2_UL15_734_30_121_270	HSV-2_UL15_734_30_121_270	0.972	  109	    3	    0	    2	  110	   42	  150	6.731E-13	  550
HSV-1_UL15_735_30_181_330	HSV-2_UL15_734_30_121_270	HSV-2_UL15_734_30_121_270	0.977	   90	    2	    0	    1	   90	   61	  150	1.453E-10	  435
HSV-1_UL15_735_30_201_350	HSV-2_UL15_734_30_121_270	HSV-2_UL15_734_30_121_270	0.985	   70	    1	    0	    1	   70	   81	  150	1.332E-09	  378
HSV-1_UL15_735_30_221_370	HSV-2_UL15_734_30_121_270	HSV-2_UL15_734_30_121_270	0.979	   49	    1	    0	    2	   50	  102	  150	1.143E-05	  207
HSV-1_UL15_735_30_061_210	HSV-2_UL15_734_30_141_290	HSV-2_UL15_734_30_141_290	0.970	   68	    2	    0	   82	  149	    2	   69	1.583E-06	  248
HSV-1_UL15_735_30_081_230	HSV-2_UL15_734_30_141_290	HSV-2_UL15_734_30_141_290	0.977	   88	    2	    0	   62	  149	    2	   89	4.306E-09	  372
HSV-1_UL15_735_30_101_250	HSV-2_UL15_734_30_141_290	HSV-2_UL15_734_30_141_290	0.972	  109	    3	    0	   42	  150	    2	  110	1.589E-13	  577
HSV-1_UL15_735_30_121_270	HSV-2_UL15_734_30_141_290	HSV-2_UL15_734_30_141_290	0.976	  129	    3	    0	   22	  150	    2	  130	3.378E-17	  743
HSV-1_UL15_735_30_141_290	HSV-2_UL15_734_30_141_290	HSV-2_UL15_734_30_141_290	0.980	  150	    3	    0	    1	  150	    1	  150	9.262E-21	  930
HSV-1_UL15_735_30_161_310	HSV-2_UL15_734_30_141_290	HSV-2_UL15_734_30_141_290	0.976	  129	    3	    0	    2	  130	   22	  150	1.721E-16	  709
HSV-1_UL15_735_30_181_330	HSV-2_UL15_734_30_141_290	HSV-2_UL15_734_30_141_290	0.981	  110	    2	    0	    1	  110	   41	  150	5.156E-14	  565
HSV-1_UL15_735_30_201_350	HSV-2_UL15_734_30_141_290	HSV-2_UL15_734_30_141_290	0.988	   90	    1	    0	    1	   90	   61	  150	2.326E-12	  465
HSV-1_UL15_735_30_221_370	HSV-2_UL15_734_30_141_290	HSV-2_UL15_734_30_141_290	0.985	   69	    1	    0	    2	   70	   82	  150	4.450E-08	  263
HSV-1_UL15_735_30_081_230	HSV-2_UL15_734_30_161_310	HSV-2_UL15_734_30_161_310	0.970	   68	    2	    0	   82	  149	    2	   69	7.008E-06	  239
HSV-1_UL15_735_30_101_250	HSV-2_UL15_734_30_161_310	HSV-2_UL15_734_30_161_310	0.966	   89	    3	    0	   62	  150	    2	   90	6.910E-10	  412
HSV-1_UL15_735_30_121_270	HSV-2_UL15_734_30_161_310	HSV-2_UL15_734_30_161_310	0.972	  109	    3	    0	   42	  150	    2	  110	1.060E-13	  580
HSV-1_UL15_735_30_141_290	HSV-2_UL15_734_30_161_310	HSV-2_UL15_734_30_161_310	0.976	  129	    3	    0	   22	  150	    2	  130	1.891E-16	  717
HSV-1_UL15_735_30_161_310	HSV-2_UL15_734_30_161_310	HSV-2_UL15_734_30_161_310	0.973	  150	    4	    0	    1	  150	    1	  150	3.699E-21	  942
HSV-1_UL15_735_30_181_330	HSV-2_UL15_734_30_161_310	HSV-2_UL15_734_30_161_310	0.976	  130	    3	    0	    1	  130	   21	  150	2.559E-17	  707
HSV-1_UL15_735_30_201_350	HSV-2_UL15_734_30_161_310	HSV-2_UL15_734_30_161_310	0.981	  110	    2	    0	    1	  110	   41	  150	5.413E-16	  596
HSV-1_UL15_735_30_221_370	HSV-2_UL15_734_30_161_310	HSV-2_UL15_734_30_161_310	0.977	   89	    2	    0	    2	   90	   62	  150	1.833E-11	  373
HSV-1_UL15_735_30_241_390	HSV-2_UL15_734_30_161_310	HSV-2_UL15_734_30_161_310	0.971	   70	    2	    0	    1	   70	   81	  150	7.745E-08	  250
HSV-1_UL15_735_30_261_410	HSV-2_UL15_734_30_161_310	HSV-2_UL15_734_30_161_310	0.980	   50	    1	    0	    1	   50	  101	  150	1.571E-05	  177
HSV-1_UL15_735_30_101_250	HSV-2_UL15_734_30_181_330	HSV-2_UL15_734_30_181_330	0.971	   70	    2	    0	   81	  150	    1	   70	1.005E-06	  272
HSV-1_UL15_735_30_121_270	HSV-2_UL15_734_30_181_330	HSV-2_UL15_734_30_181_330	0.977	   90	    2	    0	   61	  150	    1	   90	7.405E-11	  441
HSV-1_UL15_735_30_141_290	HSV-2_UL15_734_30_181_330	HSV-2_UL15_734_30_181_330	0.981	  110	    2	    0	   41	  150	    1	  110	2.729E-13	  557
HSV-1_UL15_735_30_161_310	HSV-2_UL15_734_30_181_330	HSV-2_UL15_734_30_181_330	0.976	  130	    3	    0	   21	  150	    1	  130	2.489E-16	  700
HSV-1_UL15_735_30_181_330	HSV-2_UL15_734_30_181_330	HSV-2_UL15_734_30_181_330	0.973	  150	    4	    0	    1	  150	    1	  150	1.223E-22	  944
HSV-1_UL15_735_30_201_350	HSV-2_UL15_734_30_181_330	HSV-2_UL15_734_30_181_330	0.976	  130	    3	    0	    1	  130	   21	  150	9.118E-21	  781
HSV-1_UL15_735_30_221_370	HSV-2_UL15_734_30_181_330	HSV-2_UL15_734_30_181_330	0.972	  109	    3	    0	    2	  110	   42	  150	9.647E-17	  556
HSV-1_UL15_735_30_241_390	HSV-2_UL15_734_30_181_330	HSV-2_UL15_734_30_181_330	0.966	   90	    3	    0	    1	   90	   61	  150	1.001E-12	  422
HSV-1_UL15_735_30_261_410	HSV-2_UL15_734_30_181_330	HSV-2_UL15_734_30_181_330	0.971	   70	    2	    0	    1	   70	   81	  150	2.052E-10	  347
HSV-1_UL15_735_30_281_430	HSV-2_UL15_734_30_181_330	HSV-2_UL15_734_30_181_330	0.960	   50	    2	    0	    1	   50	  101	  150	1.259E-05	  200
HSV-1_UL15_735_30_101_250	HSV-2_UL15_734_30_201_350	HSV-2_UL15_734_30_201_350	0.980	   50	    1	    0	  101	  150	    1	   50	1.056E-04	  218
HSV-1_UL15_735_30_121_270	HSV-2_UL15_734_30_201_350	HSV-2_UL15_734_30_201_350	0.985	   70	    1	    0	   81	  150	    1	   70	1.352E-08	  377
HSV-1_UL15_735_30_141_290	HSV-2_UL15_734_30_201_350	HSV-2_UL15_734_30_201_350	0.988	   90	    1	    0	   61	  150	    1	   90	5.966E-10	  446
HSV-1_UL15_735_30_161_310	HSV-2_UL15_734_30_201_350	HSV-2_UL15_734_30_201_350	0.981	  110	    2	    0	   41	  150	    1	  110	1.386E-13	  613
HSV-1_UL15_735_30_181_330	HSV-2_UL15_734_30_201_350	HSV-2_UL15_734_30_201_350	0.976	  129	    3	    0	   21	  149	    1	  129	7.132E-19	  803
HSV-1_UL15_735_30_201_350	HSV-2_UL15_734_30_201_350	HSV-2_UL15_734_30_201_350	0.980	  150	    3	    0	    1	  150	    1	  150	4.564E-29	 1125
HSV-1_UL15_735_30_221_370	HSV-2_UL15_734_30_201_350	HSV-2_UL15_734_30_201_350	0.976	  129	    3	    0	    2	  130	   22	  150	4.937E-25	  846
HSV-1_UL15_735_30_241_390	HSV-2_UL15_734_30_201_350	HSV-2_UL15_734_30_201_350	0.972	  110	    3	    0	    1	  110	   41	  150	2.973E-20	  684
HSV-1_UL15_735_30_261_410	HSV-2_UL15_734_30_201_350	HSV-2_UL15_734_30_201_350	0.977	   90	    2	    0	    1	   90	   61	  150	1.001E-17	  601
HSV-1_UL15_735_30_281_430	HSV-2_UL15_734_30_201_350	HSV-2_UL15_734_30_201_350	0.971	   70	    2	    0	    1	   70	   81	  150	3.021E-12	  429
HSV-1_UL15_735_30_301_450	HSV-2_UL15_734_30_201_350	HSV-2_UL15_734_30_201_350	0.980	   50	    1	    0	    1	   50	  101	  150	4.169E-07	  256
HSV-1_UL15_735_30_121_270	HSV-2_UL15_734_30_221_370	HSV-2_UL15_734_30_221_370	0.979	   49	    1	    0	  102	  150	    2	   50	1.241E-04	  182
HSV-1_UL15_735_30_141_290	HSV-2_UL15_734_30_221_370	HSV-2_UL15_734_30_221_370	0.985	   69	    1	    0	   82	  150	    2	   70	1.424E-05	  227
HSV-1_UL15_735_30_161_310	HSV-2_UL15_734_30_221_370	HSV-2_UL15_734_30_221_370	0.977	   89	    2	    0	   62	  150	    2	   90	7.551E-09	  367
HSV-1_UL15_735_30_181_330	HSV-2_UL15_734_30_221_370	HSV-2_UL15_734_30_221_370	0.972	  108	    3	    0	   42	  149	    2	  109	8.531E-14	  545
HSV-1_UL15_735_30_201_350	HSV-2_UL15_734_30_221_370	HSV-2_UL15_734_30_221_370	0.976	  129	    3	    0	   22	  150	    2	  130	3.116E-23	  839
HSV-1_UL15_735_30_221_370	HSV-2_UL15_734_30_221_370	HSV-2_UL15_734_30_221_370	0.980	  150	    3	    0	    1	  150	    1	  150	5.634E-32	 1140
HSV-1_UL15_735_30_241_390	HSV-2_UL15_734_30_221_370	HSV-2_UL15_734_30_221_370	0.976	  130	    3	    0	    1	  130	   21	  150	2.456E-25	  896
HSV-1_UL15_735_30_261_410	HSV-2_UL15_734_30_221_370	HSV-2_UL15_734_30_221_370	0.981	  110	    2	    0	    1	  110	   41	  150	4.797E-22	  766
HSV-1_UL15_735_30_281_430	HSV-2_UL15_734_30_221_370	HSV-2_UL15_734_30_221_370	0.977	   90	    2	    0	    1	   90	   61	  150	3.480E-16	  575
HSV-1_UL15_735_30_301_450	HSV-2_UL15_734_30_221_370	HSV-2_UL15_734_30_221_370	0.985	   70	    1	    0	    1	   70	   81	  150	9.342E-10	  344
HSV-1_UL15_735_30_321_470	HSV-2_UL15_734_30_221_370	HSV-2_UL15_734_30_221_370	1.000	   48	    0	    0	    3	   50	  103	  150	7.454E-04	  153
HSV-1_UL15_735_30_161_310	HSV-2_UL15_734_30_241_390	HSV-2_UL15_734_30_241_390	0.971	   70	    2	    0	   81	  150	    1	   70	5.471E-06	  255
HSV-1_UL15_735_30_181_330	HSV-2_UL15_734_30_241_390	HSV-2_UL15_734_30_241_390	0.966	   89	    3	    0	   61	  149	    1	   89	8.305E-11	  432
HSV-1_UL15_735_30_201_350	HSV-2_UL15_734_30_241_390	HSV-2_UL15_734_30_241_390	0.972	  110	    3	    0	   41	  150	    1	  110	2.053E-19	  706
HSV-1_UL15_735_30_221_370	HSV-2_UL15_734_30_241_390	HSV-2_UL15_734_30_241_390	0.976	  130	    3	    0	   21	  150	    1	  130	2.699E-26	  925
HSV-1_UL15_735_30_241_390	HSV-2_UL15_734_30_241_390	HSV-2_UL15_734_30_241_390	0.980	  150	    3	    0	    1	  150	    1	  150	2.307E-32	 1177
HSV-1_UL15_735_30_261_410	HSV-2_UL15_734_30_241_390	HSV-2_UL15_734_30_241_390	0.984	  130	    2	    0	    1	  130	   21	  150	5.501E-27	  943
HSV-1_UL15_735_30_281_430	HSV-2_UL15_734_30_241_390	HSV-2_UL15_734_30_241_390	0.981	  110	    2	    0	    1	  110	   41	  150	2.870E-21	  750
HSV-1_UL15_735_30_301_450	HSV-2_UL15_734_30_241_390	HSV-2_UL15_734_30_241_390	0.988	   90	    1	    0	    1	   90	   61	  150	2.759E-15	  520
HSV-1_UL15_735_30_321_470	HSV-2_UL15_734_30_241_390	HSV-2_UL15_734_30_241_390	1.000	   68	    0	    0	    3	   70	   83	  150	4.291E-09	  318
HSV-1_UL15_735_30_341_490	HSV-2_UL15_734_30_241_390	HSV-2_UL15_734_30_241_390	1.000	   50	    0	    0	    1	   50	  101	  150	4.770E-06	  220
HSV-1_UL9_851_36_061_210	HSV-2_UL15_734_30_241_390	HSV-2_UL15_734_30_241_390	0.137	  136	  113	    0	   14	  149	   11	  142	8.563E-04	   84
HSV-1_UL9_851_36_081_230	HSV-2_UL15_734_30_241_390	HSV-2_UL15_734_30_241_390	0.123	  135	  116	    0	    1	  135	   18	  150	6.242E-04	   84
HSV-1_UL15_735_30_161_310	HSV-2_UL15_734_30_261_410	HSV-2_UL15_734_30_261_410	0.980	   50	    1	    0	  101	  150	    1	   50	7.742E-04	  186
HSV-1_UL15_735_30_181_330	HSV-2_UL15_734_30_261_410	HSV-2_UL15_734_30_261_410	0.971	   69	    2	    0	   81	  149	    1	   69	1.888E-08	  361
HSV-1_UL15_735_30_201_350	HSV-2_UL15_734_30_261_410	HSV-2_UL15_734_30_261_410	0.977	   90	    2	    0	   61	  150	    1	   90	2.038E-16	  625
HSV-1_UL15_735_30_221_370	HSV-2_UL15_734_30_261_410	HSV-2_UL15_734_30_261_410	0.981	  110	    2	    0	   41	  150	    1	  110	9.116E-23	  808
HSV-1_UL15_735_30_241_390	HSV-2_UL15_734_30_261_410	HSV-2_UL15_734_30_261_410	0.984	  130	    2	    0	   21	  150	    1	  130	1.784E-26	  942
HSV-1_UL15_735_30_261_410	HSV-2_UL15_734_30_261_410	HSV-2_UL15_734_30_261_410	0.986	  150	    2	    0	    1	  150	    1	  150	4.156E-31	 1066
HSV-1_UL15_735_30_281_430	HSV-2_UL15_734_30_261_410	HSV-2_UL15_734_30_261_410	0.984	  130	    2	    0	    1	  130	   21	  150	2.908E-25	  868
HSV-1_UL15_735_30_301_450	HSV-2_UL15_734_30_261_410	HSV-2_UL15_734_30_261_410	0.990	  110	    1	    0	    1	  110	   41	  150	4.571E-20	  657
HSV-1_UL15_735_30_321_470	HSV-2_UL15_734_30_261_410	HSV-2_UL15_734_30_261_410	1.000	   87	    0	    0	    3	   89	   63	  149	2.392E-13	  431
HSV-1_UL15_735_30_341_490	HSV-2_UL15_734_30_261_410	HSV-2_UL15_734_30_261_410	1.000	   69	    0	    0	    1	   69	   81	  149	3.783E-10	  330
HSV-1_UL15_735_30_181_330	HSV-2_UL15_734_30_281_430	HSV-2_UL15_734_30_281_430	0.960	   50	    2	    0	  101	  150	    1	   50	1.456E-04	  198
HSV-1_UL15_735_30_201_350	HSV-2_UL15_734_30_281_430	HSV-2_UL15_734_30_281_430	0.971	   70	    2	    0	   81	  150	    1	   70	1.286E-11	  429
HSV-1_UL15_735_30_221_370	HSV-2_UL15_734_30_281_430	HSV-2_UL15_734_30_281_430	0.977	   90	    2	    0	   61	  150	    1	   90	6.075E-17	  572
HSV-1_UL15_735_30_241_390	HSV-2_UL15_734_30_281_430	HSV-2_UL15_734_30_281_430	0.981	  110	    2	    0	   41	  150	    1	  110	3.170E-21	  713
HSV-1_UL15_735_30_261_410	HSV-2_UL15_734_30_281_430	HSV-2_UL15_734_30_281_430	0.984	  130	    2	    0	   21	  150	    1	  130	1.419E-25	  825
HSV-1_UL15_735_30_281_430	HSV-2_UL15_734_30_281_430	HSV-2_UL15_734_30_281_430	0.986	  150	    2	    0	    1	  150	    1	  150	5.534E-30	  991
HSV-1_UL15_735_30_301_450	HSV-2_UL15_734_30_281_430	HSV-2_UL15_734_30_281_430	0.992	  129	    1	    0	    2	  130	   22	  150	3.048E-24	  735
HSV-1_UL15_735_30_321_470	HSV-2_UL15_734_30_281_430	HSV-2_UL15_734_30_281_430	1.000	  108	    0	    0	    3	  110	   43	  150	3.527E-17	  498
HSV-1_UL15_735_30_341_490	HSV-2_UL15_734_30_281_430	HSV-2_UL15_734_30_281_430	1.000	   90	    0	    0	    1	   90	   61	  150	6.025E-14	  395
HSV-1_UL15_735_30_361_510	HSV-2_UL15_734_30_281_430	HSV-2_UL15_734_30_281_430	1.000	   70	    0	    0	    1	   70	   81	  150	8.571E-08	  208
HSV-1_UL15_735_30_381_530	HSV-2_UL15_734_30_281_430	HSV-2_UL15_734_30_281_430	1.000	   50	    0	    0	    1	   50	  101	  150	2.983E-05	  108
HSV-1_UL15_735_30_201_350	HSV-2_UL15_734_30_301_450	HSV-2_UL15_734_30_301_450	0.980	   50	    1	    0	  101	  150	    1	   50	9.743E-07	  234
HSV-1_UL15_735_30_221_370	HSV-2_UL15_734_30_301_450	HSV-2_UL15_734_30_301_450	0.985	   70	    1	    0	   81	  150	    1	   70	3.826E-10	  319
HSV-1_UL15_735_30_241_390	HSV-2_UL15_734_30_301_450	HSV-2_UL15_734_30_301_450	0.988	   90	    1	    0	   61	  150	    1	   90	4.361E-15	  466
HSV-1_UL15_735_30_261_410	HSV-2_UL15_734_30_301_450	HSV-2_UL15_734_30_301_450	0.990	  110	    1	    0	   41	  150	    1	  110	2.025E-19	  582
HSV-1_UL15_735_30_281_430	HSV-2_UL15_734_30_301_450	HSV-2_UL15_734_30_301_450	0.992	  129	    1	    0	   22	  150	    2	  130	2.307E-23	  712
HSV-1_UL15_735_30_301_450	HSV-2_UL15_734_30_301_450	HSV-2_UL15_734_30_301_450	0.993	  150	    1	    0	    1	  150	    1	  150	4.215E-28	  787
HSV-1_UL15_735_30_321_470	HSV-2_UL15_734_30_301_450	HSV-2_UL15_734_30_301_450	1.000	  127	    0	    0	    3	  129	   23	  149	8.741E-21	  548
HSV-1_UL15_735_30_341_490	HSV-2_UL15_734_30_301_450	HSV-2_UL15_734_30_301_450	1.000	  109	    0	    0	    1	  109	   41	  149	1.001E-16	  425
HSV-1_UL15_735_30_361_510	HSV-2_UL15_734_30_301_450	HSV-2_UL15_734_30_301_450	1.000	   89	    0	    0	    1	   89	   61	  149	3.740E-10	  238
HSV-1_UL15_735_30_381_530	HSV-2_UL15_734_30_301_450	HSV-2_UL15_734_30_301_450	1.000	   69	    0	    0	    1	   69	   81	  149	1.163E-07	  141
HSV-1_UL15_735_30_401_550	HSV-2_UL15_734_30_301_450	HSV-2_UL15_734_30_301_450	1.000	   49	    0	    0	    1	   49	  101	  149	2.001E-05	  115
HSV-1_UL15_735_30_221_370	HSV-2_UL15_734_30_321_470	HSV-2_UL15_734_30_321_470	1.000	   48	    0	    0	  103	  150	    3	   50	1.833E-04	  148
HSV-1_UL15_735_30_241_390	HSV-2_UL15_734_30_321_470	HSV-2_UL15_734_30_321_470	1.000	   68	    0	    0	   83	  150	    3	   70	1.378E-09	  293
HSV-1_UL15_735_30_261_410	HSV-2_UL15_734_30_321_470	HSV-2_UL15_734_30_321_470	1.000	   88	    0	    0	   63	  150	    3	   90	1.163E-13	  402
HSV-1_UL15_735_30_281_430	HSV-2_UL15_734_30_321_470	HSV-2_UL15_734_30_321_470	1.000	  108	    0	    0	   43	  150	    3	  110	1.588E-17	  513
HSV-1_UL15_735_30_301_450	HSV-2_UL15_734_30_321_470	HSV-2_UL15_734_30_321_470	1.000	  127	    0	    0	   23	  149	    3	  129	1.360E-21	  563
HSV-1_UL15_735_30_321_470	HSV-2_UL15_734_30_321_470	HSV-2_UL15_734_30_321_470	0.993	  150	    1	    0	    1	  150	    1	  150	6.316E-25	  603
HSV-1_UL15_735_30_341_490	HSV-2_UL15_734_30_321_470	HSV-2_UL15_734_30_321_470	0.992	  130	    1	    0	    1	  130	   21	  150	1.560E-19	  443
HSV-1_UL15_735_30_361_510	HSV-2_UL15_734_30_321_470	HSV-2_UL15_734_30_321_470	0.990	  110	    1	    0	    1	  110	   41	  150	6.077E-13	  267
HSV-1_UL15_735_30_381_530	HSV-2_UL15_734_30_321_470	HSV-2_UL15_734_30_321_470	0.988	   90	    1	    0	    1	   90	   61	  150	1.421E-10	  169
HSV-1_UL15_735_30_401_550	HSV-2_UL15_734_30_321_470	HSV-2_UL15_734_30_321_470	0.985	   70	    1	    0	    1	   70	   81	  150	9.551E-09	  152
HSV-1_UL15_735_30_421_570	HSV-2_UL15_734_30_321_470	HSV-2_UL15_734_30_321_470	0.979	   49	    1	    0	    2	   50	  102	  150	6.434E-04	   91
HSV-1_UL15_735_30_241_390	HSV-2_UL15_734_30_341_490	HSV-2_UL15_734_30_341_490	1.000	   50	    0	    0	  101	  150	    1	   50	3.831E-06	  192
HSV-1_UL15_735_30_261_410	HSV-2_UL15_734_30_341_490	HSV-2_UL15_734_30_341_490	1.000	   70	    0	    0	   81	  150	    1	   70	3.684E-10	  300
HSV-1_UL15_735_30_281_430	HSV-2_UL15_734_30_341_490	HSV-2_UL15_734_30_341_490	1.000	   90	    0	    0	   61	  150	    1	   90	6.793E-14	  399
HSV-1_UL15_735_30_301_450	HSV-2_UL15_734_30_341_490	HSV-2_UL15_734_30_341_490	1.000	  109	    0	    0	   41	  149	    1	  109	2.329E-17	  428
HSV-1_UL15_735_30_321_470	HSV-2_UL15_734_30_341_490	HSV-2_UL15_734_30_341_490	0.992	  130	    1	    0	   21	  150	    1	  130	1.249E-19	  423
HSV-1_UL15_735_30_341_490	HSV-2_UL15_734_30_341_490	HSV-2_UL15_734_30_341_490	0.993	  150	    1	    0	    1	  150	    1	  150	2.485E-23	  541
HSV-1_UL15_735_30_361_510	HSV-2_UL15_734_30_341_490	HSV-2_UL15_734_30_341_490	0.992	  130	    1	    0	    1	  130	   21	  150	1.069E-16	  356
HSV-1_UL15_735_30_381_530	HSV-2_UL15_734_30_341_490	HSV-2_UL15_734_30_341_490	0.990	  110	    1	    0	    1	  110	   41	  150	2.204E-14	  250
HSV-1_UL15_735_30_401_550	HSV-2_UL15_734_30_341_490	HSV-2_UL15_734_30_341_490	0.988	   90	    1	    0	    1	   90	   61	  150	1.371E-12	  215
HSV-1_UL15_735_30_421_570	HSV-2_UL15_734_30_341_490	HSV-2_UL15_734_30_341_490	0.985	   69	    1	    0	    2	   70	   82	  150	1.207E-07	  149
HSV-1_UL15_735_30_441_590	HSV-2_UL15_734_30_341_490	HSV-2_UL15_734_30_341_490	0.980	   50	    1	    0	    1	   50	  101	  150	4.955E-06	  144
HSV-1_UL15_735_30_281_430	HSV-2_UL15_734_30_361_510	HSV-2_UL15_734_30_361_510	1.000	   70	    0	    0	   81	  150	    1	   70	1.065E-08	  229
HSV-1_UL15_735_30_301_450	HSV-2_UL15_734_30_361_510	HSV-2_UL15_734_30_361_510	1.000	   89	    0	    0	   61	  149	    1	   89	4.422E-11	  239
HSV-1_UL15_735_30_321_470	HSV-2_UL15_734_30_361_510	HSV-2_UL15_734_30_361_510	0.990	  110	    1	    0	   41	  150	    1	  110	7.441E-14	  253
HSV-1_UL15_735_30_341_490	HSV-2_UL15_734_30_361_510	HSV-2_UL15_734_30_361_510	0.992	  130	    1	    0	   21	  150	    1	  130	2.482E-17	  345
HSV-1_UL15_735_30_361_510	HSV-2_UL15_734_30_361_510	HSV-2_UL15_734_30_361_510	0.986	  150	    2	    0	    1	  150	    1	  150	5.469E-21	  483
HSV-1_UL15_735_30_381_530	HSV-2_UL15_734_30_361_510	HSV-2_UL15_734_30_361_510	0.984	  130	    2	    0	    1	  130	   21	  150	5.131E-17	  324
HSV-1_UL15_735_30_401_550	HSV-2_UL15_734_30_361_510	HSV-2_UL15_734_30_361_510	0.981	  110	    2	    0	    1	  110	   41	  150	3.606E-15	  294
HSV-1_UL15_735_30_421_570	HSV-2_UL15_734_30_361_510	HSV-2_UL15_734_30_361_510	0.977	   89	    2	    0	    2	   90	   62	  150	3.571E-10	  221
HSV-1_UL15_735_30_441_590	HSV-2_UL15_734_30_361_510	HSV-2_UL15_734_30_361_510	0.971	   70	    2	    0	    1	   70	   81	  150	4.479E-08	  203
HSV-1_UL15_735_30_461_610	HSV-2_UL15_734_30_361_510	HSV-2_UL15_734_30_361_510	0.979	   49	    1	    0	    2	   50	  102	  150	2.727E-04	  137
HSV-1_UL15_735_30_281_430	HSV-2_UL15_734_30_381_530	HSV-2_UL15_734_30_381_530	1.000	   50	    0	    0	  101	  150	    1	   50	1.107E-05	  134
HSV-1_UL15_735_30_301_450	HSV-2_UL15_734_30_381_530	HSV-2_UL15_734_30_381_530	1.000	   69	    0	    0	   81	  149	    1	   69	6.093E-08	  147
HSV-1_UL15_735_30_321_470	HSV-2_UL15_734_30_381_530	HSV-2_UL15_734_30_381_530	0.988	   90	    1	    0	   61	  150	    1	   90	1.064E-10	  163
HSV-1_UL15_735_30_341_490	HSV-2_UL15_734_30_381_530	HSV-2_UL15_734_30_381_530	0.990	  110	    1	    0	   41	  150	    1	  110	3.866E-14	  244
HSV-1_UL15_735_30_361_510	HSV-2_UL15_734_30_381_530	HSV-2_UL15_734_30_381_530	0.984	  130	    2	    0	   21	  150	    1	  130	6.025E-16	  329
HSV-1_UL15_735_30_381_530	HSV-2_UL15_734_30_381_530	HSV-2_UL15_734_30_381_530	0.980	  150	    3	    0	    1	  150	    1	  150	9.910E-23	  486
HSV-1_UL15_735_30_401_550	HSV-2_UL15_734_30_381_530	HSV-2_UL15_734_30_381_530	0.976	  130	    3	    0	    1	  130	   21	  150	1.558E-19	  419
HSV-1_UL15_735_30_421_570	HSV-2_UL15_734_30_381_530	HSV-2_UL15_734_30_381_530	0.972	  109	    3	    0	    2	  110	   42	  150	2.091E-14	  343
HSV-1_UL15_735_30_441_590	HSV-2_UL15_734_30_381_530	HSV-2_UL15_734_30_381_530	0.966	   90	    3	    0	    1	   90	   61	  150	1.428E-12	  324
HSV-1_UL15_735_30_461_610	HSV-2_UL15_734_30_381_530	HSV-2_UL15_734_30_381_530	0.971	   69	    2	    0	    2	   70	   82	  150	1.834E-08	  252
HSV-1_UL15_735_30_481_630	HSV-2_UL15_734_30_381_530	HSV-2_UL15_734_30_381_530	0.959	   49	    2	    0	    2	   50	  102	  150	9.425E-06	  175
HSV-1_UL15_735_30_301_450	HSV-2_UL15_734_30_401_550	HSV-2_UL15_734_30_401_550	1.000	   49	    0	    0	  101	  149	    1	   49	1.006E-05	  120
HSV-1_UL15_735_30_321_470	HSV-2_UL15_734_30_401_550	HSV-2_UL15_734_30_401_550	0.985	   70	    1	    0	   81	  150	    1	   70	9.346E-09	  140
HSV-1_UL15_735_30_341_490	HSV-2_UL15_734_30_401_550	HSV-2_UL15_734_30_401_550	0.988	   90	    1	    0	   61	  150	    1	   90	3.064E-12	  206
HSV-1_UL15_735_30_361_510	HSV-2_UL15_734_30_401_550	HSV-2_UL15_734_30_401_550	0.981	  110	    2	    0	   41	  150	    1	  110	3.774E-14	  300
HSV-1_UL15_735_30_381_530	HSV-2_UL15_734_30_401_550	HSV-2_UL15_734_30_401_550	0.976	  130	    3	    0	   21	  150	    1	  130	2.590E-19	  431
HSV-1_UL15_735_30_401_550	HSV-2_UL15_734_30_401_550	HSV-2_UL15_734_30_401_550	0.973	  150	    4	    0	    1	  150	    1	  150	5.725E-25	  625
HSV-1_UL15_735_30_421_570	HSV-2_UL15_734_30_401_550	HSV-2_UL15_734_30_401_550	0.968	  129	    4	    0	    2	  130	   22	  150	2.811E-19	  521
HSV-1_UL15_735_30_441_590	HSV-2_UL15_734_30_401_550	HSV-2_UL15_734_30_401_550	0.963	  110	    4	    0	    1	  110	   41	  150	1.668E-17	  499
HSV-1_UL15_735_30_461_610	HSV-2_UL15_734_30_401_550	HSV-2_UL15_734_30_401_550	0.966	   89	    3	    0	    2	   90	   62	  150	2.647E-13	  427
HSV-1_UL15_735_30_481_630	HSV-2_UL15_734_30_401_550	HSV-2_UL15_734_30_401_550	0.956	   69	    3	    0	    2	   70	   82	  150	1.112E-10	  354
HSV-1_UL15_735_30_501_650	HSV-2_UL15_734_30_401_550	HSV-2_UL15_734_30_401_550	0.940	   50	    3	    0	    1	   50	  101	  150	2.050E-06	  207
HSV-1_UL15_735_30_341_490	HSV-2_UL15_734_30_421_570	HSV-2_UL15_734_30_421_570	0.985	   70	    1	    0	   81	  150	    1	   70	6.413E-08	  140
HSV-1_UL15_735_30_361_510	HSV-2_UL15_734_30_421_570	HSV-2_UL15_734_30_421_570	0.977	   90	    2	    0	   61	  150	    1	   90	1.209E-09	  222
HSV-1_UL15_735_30_381_530	HSV-2_UL15_734_30_421_570	HSV-2_UL15_734_30_421_570	0.972	  110	    3	    0	   41	  150	    1	  110	9.530E-15	  360
HSV-1_UL15_735_30_401_550	HSV-2_UL15_734_30_421_570	HSV-2_UL15_734_30_421_570	0.969	  130	    4	    0	   21	  150	    1	  130	3.642E-20	  542
HSV-1_UL15_735_30_421_570	HSV-2_UL15_734_30_421_570	HSV-2_UL15_734_30_421_570	0.966	  150	    5	    0	    1	  150	    1	  150	2.957E-24	  727
HSV-1_UL15_735_30_441_590	HSV-2_UL15_734_30_421_570	HSV-2_UL15_734_30_421_570	0.961	  130	    5	    0	    1	  130	   21	  150	6.835E-22	  675
HSV-1_UL15_735_30_461_610	HSV-2_UL15_734_30_421_570	HSV-2_UL15_734_30_421_570	0.963	  109	    4	    0	    2	  110	   42	  150	1.894E-17	  587
HSV-1_UL15_735_30_481_630	HSV-2_UL15_734_30_421_570	HSV-2_UL15_734_30_421_570	0.955	   89	    4	    0	    2	   90	   62	  150	9.756E-15	  508
HSV-1_UL15_735_30_501_650	HSV-2_UL15_734_30_421_570	HSV-2_UL15_734_30_421_570	0.942	   70	    4	    0	    1	   70	   81	  150	4.998E-10	  338
HSV-1_UL15_735_30_341_490	HSV-2_UL15_734_30_441_590	HSV-2_UL15_734_30_441_590	0.980	   50	    1	    0	  101	  150	    1	   50	1.923E-05	  117
HSV-1_UL15_735_30_361_510	HSV-2_UL15_734_30_441_590	HSV-2_UL15_734_30_441_590	0.983	   62	    1	    0	   81	  142	    1	   62	8.421E-07	  171
HSV-1_UL15_735_30_381_530	HSV-2_UL15_734_30_441_590	HSV-2_UL15_734_30_441_590	0.966	   90	    3	    0	   61	  150	    1	   90	4.657E-12	  336
HSV-1_UL15_735_30_401_550	HSV-2_UL15_734_30_441_590	HSV-2_UL15_734_30_441_590	0.963	  110	    4	    0	   41	  150	    1	  110	1.900E-17	  523
HSV-1_UL15_735_30_421_570	HSV-2_UL15_734_30_441_590	HSV-2_UL15_734_30_441_590	0.961	  130	    5	    0	   21	  150	    1	  130	3.621E-21	  691
HSV-1_UL15_735_30_441_590	HSV-2_UL15_734_30_441_590	HSV-2_UL15_734_30_441_590	0.960	  150	    6	    0	    1	  150	    1	  150	3.760E-27	  897
HSV-1_UL15_735_30_461_610	HSV-2_UL15_734_30_441_590	HSV-2_UL15_734_30_441_590	0.960	  128	    5	    0	    2	  129	   22	  149	2.569E-22	  787
HSV-1_UL15_735_30_481_630	HSV-2_UL15_734_30_441_590	HSV-2_UL15_734_30_441_590	0.953	  108	    5	    0	    2	  109	   42	  149	8.038E-19	  669
HSV-1_UL15_735_30_501_650	HSV-2_UL15_734_30_441_590	HSV-2_UL15_734_30_441_590	0.943	   89	    5	    0	    1	   89	   61	  149	8.914E-14	  480
HSV-1_UL15_735_30_521_670	HSV-2_UL15_734_30_441_590	HSV-2_UL15_734_30_441_590	0.941	   68	    4	    0	    2	   69	   82	  149	6.717E-07	  226
HSV-1_UL15_735_30_381_530	HSV-2_UL15_734_30_461_610	HSV-2_UL15_734_30_461_610	0.971	   70	    2	    0	   81	  150	    1	   70	5.988E-09	  301
HSV-1_UL15_735_30_401_550	HSV-2_UL15_734_30_461_610	HSV-2_UL15_734_30_461_610	0.966	   90	    3	    0	   61	  150	    1	   90	1.027E-13	  469
HSV-1_UL15_735_30_421_570	HSV-2_UL15_734_30_461_610	HSV-2_UL15_734_30_461_610	0.963	  110	    4	    0	   41	  150	    1	  110	3.563E-17	  617
HSV-1_UL15_735_30_441_590	HSV-2_UL15_734_30_461_610	HSV-2_UL15_734_30_461_610	0.961	  129	    5	    0	   21	  149	    1	  129	8.618E-23	  802
HSV-1_UL15_735_30_461_610	HSV-2_UL15_734_30_461_610	HSV-2_UL15_734_30_461_610	0.946	  150	    8	    0	    1	  150	    1	  150	1.056E-26	  974
HSV-1_UL15_735_30_481_630	HSV-2_UL15_734_30_461_610	HSV-2_UL15_734_30_461_610	0.945	  128	    7	    0	    2	  129	   22	  149	4.011E-23	  839
HSV-1_UL15_735_30_501_650	HSV-2_UL15_734_30_461_610	HSV-2_UL15_734_30_461_610	0.935	  109	    7	    0	    1	  109	   41	  149	4.844E-18	  644
HSV-1_UL15_735_30_521_670	HSV-2_UL15_734_30_461_610	HSV-2_UL15_734_30_461_610	0.931	   88	    6	    0	    2	   89	   62	  149	1.274E-10	  359
HSV-1_UL15_735_30_541_690	HSV-2_UL15_734_30_461_610	HSV-2_UL15_734_30_461_610	0.942	   69	    4	    0	    1	   69	   81	  149	7.074E-08	  272
HSV-1_UL15_735_30_381_530	HSV-2_UL15_734_30_481_630	HSV-2_UL15_734_30_481_630	0.959	   49	    2	    0	  102	  150	    2	   50	9.343E-06	  234
HSV-1_UL15_735_30_401_550	HSV-2_UL15_734_30_481_630	HSV-2_UL15_734_30_481_630	0.956	   69	    3	    0	   82	  150	    2	   70	1.570E-10	  406
HSV-1_UL15_735_30_421_570	HSV-2_UL15_734_30_481_630	HSV-2_UL15_734_30_481_630	0.955	   89	    4	    0	   62	  150	    2	   90	3.859E-14	  554
HSV-1_UL15_735_30_441_590	HSV-2_UL15_734_30_481_630	HSV-2_UL15_734_30_481_630	0.953	  108	    5	    0	   42	  149	    2	  109	7.707E-19	  710
HSV-1_UL15_735_30_461_610	HSV-2_UL15_734_30_481_630	HSV-2_UL15_734_30_481_630	0.937	  129	    8	    0	   22	  150	    2	  130	1.888E-22	  857
HSV-1_UL15_735_30_481_630	HSV-2_UL15_734_30_481_630	HSV-2_UL15_734_30_481_630	0.926	  150	   11	    0	    1	  150	    1	  149	1.374E-27	 1029
HSV-1_UL15_735_30_501_650	HSV-2_UL15_734_30_481_630	HSV-2_UL15_734_30_481_630	0.916	  131	   11	    0	    1	  131	   21	  150	1.167E-22	  828
HSV-1_UL15_735_30_521_670	HSV-2_UL15_734_30_481_630	HSV-2_UL15_734_30_481_630	0.909	  110	   10	    0	    2	  111	   42	  150	2.225E-15	  534
HSV-1_UL15_735_30_541_690	HSV-2_UL15_734_30_481_630	HSV-2_UL15_734_30_481_630	0.912	   91	    8	    0	    1	   91	   61	  150	8.845E-13	  450
HSV-1_UL15_735_30_561_710	HSV-2_UL15_734_30_481_630	HSV-2_UL15_734_30_481_630	0.885	   70	    8	    0	    2	   71	   82	  150	5.502E-08	  291
HSV-1_UL15_735_30_401_550	HSV-2_UL15_734_30_501_650	HSV-2_UL15_734_30_501_650	0.940	   50	    3	    0	  101	  150	    1	   50	3.201E-06	  241
HSV-1_UL15_735_30_421_570	HSV-2_UL15_734_30_501_650	HSV-2_UL15_734_30_501_650	0.942	   70	    4	    0	   81	  150	    1	   70	2.113E-09	  365
HSV-1_UL15_735_30_441_590	HSV-2_UL15_734_30_501_650	HSV-2_UL15_734_30_501_650	0.943	   89	    5	    0	   61	  149	    1	   89	5.133E-14	  519
HSV-1_UL15_735_30_461_610	HSV-2_UL15_734_30_501_650	HSV-2_UL15_734_30_501_650	0.927	  110	    8	    0	   41	  150	    1	  110	1.231E-17	  664
HSV-1_UL15_735_30_481_630	HSV-2_UL15_734_30_501_650	HSV-2_UL15_734_30_501_650	0.915	  130	   11	    0	   21	  150	    1	  129	9.814E-22	  795
HSV-1_UL15_735_30_501_650	HSV-2_UL15_734_30_501_650	HSV-2_UL15_734_30_501_650	0.920	  150	   12	    0	    1	  150	    1	  149	1.247E-27	 1033
HSV-1_UL15_735_30_521_670	HSV-2_UL15_734_30_501_650	HSV-2_UL15_734_30_501_650	0.915	  130	   11	    0	    2	  131	   22	  150	1.071E-20	  732
HSV-1_UL15_735_30_541_690	HSV-2_UL15_734_30_501_650	HSV-2_UL15_734_30_501_650	0.918	  111	    9	    0	    1	  111	   41	  150	7.965E-18	  623
HSV-1_UL15_735_30_561_710	HSV-2_UL15_734_30_501_650	HSV-2_UL15_734_30_501_650	0.900	   90	    9	    0	    2	   91	   62	  150	5.165E-13	  456
HSV-1_UL15_735_30_581_735	HSV-2_UL15_734_30_501_650	HSV-2_UL15_734_30_501_650	0.901	   71	    7	    0	    1	   71	   81	  150	6.712E-07	  246
HSV-1_UL15_735_30_441_590	HSV-2_UL15_734_30_521_670	HSV-2_UL15_734_30_521_670	0.941	   68	    4	    0	   82	  149	    2	   69	8.551E-07	  238
HSV-1_UL15_735_30_461_610	HSV-2_UL15_734_30_521_670	HSV-2_UL15_734_30_521_670	0.921	   89	    7	    0	   62	  150	    2	   90	9.544E-10	  352
HSV-1_UL15_735_30_481_630	HSV-2_UL15_734_30_521_670	HSV-2_UL15_734_30_521_670	0.908	  109	   10	    0	   42	  150	    2	  109	7.723E-14	  484
HSV-1_UL15_735_30_501_650	HSV-2_UL15_734_30_521_670	HSV-2_UL15_734_30_521_670	0.914	  129	   11	    0	   22	  150	    2	  129	6.468E-20	  710
HSV-1_UL15_735_30_521_670	HSV-2_UL15_734_30_521_670	HSV-2_UL15_734_30_521_670	0.913	  150	   13	    0	    1	  150	    1	  149	2.300E-28	 1035
HSV-1_UL15_735_30_541_690	HSV-2_UL15_734_30_521_670	HSV-2_UL15_734_30_521_670	0.916	  131	   11	    0	    1	  131	   21	  150	7.619E-22	  763
HSV-1_UL15_735_30_561_710	HSV-2_UL15_734_30_521_670	HSV-2_UL15_734_30_521_670	0.900	  111	   11	    0	    1	  111	   41	  150	2.796E-16	  566
HSV-1_UL15_735_30_581_735	HSV-2_UL15_734_30_521_670	HSV-2_UL15_734_30_521_670	0.901	   91	    9	    0	    1	   91	   61	  150	1.567E-09	  322
HSV-1_UL15_735_30_461_610	HSV-2_UL15_734_30_541_690	HSV-2_UL15_734_30_541_690	0.928	   70	    5	    0	   81	  150	    1	   70	6.941E-07	  251
HSV-1_UL15_735_30_481_630	HSV-2_UL15_734_30_541_690	HSV-2_UL15_734_30_541_690	0.911	   90	    8	    0	   61	  150	    1	   89	4.923E-11	  385
HSV-1_UL15_735_30_501_650	HSV-2_UL15_734_30_541_690	HSV-2_UL15_734_30_541_690	0.918	  110	    9	    0	   41	  150	    1	  109	1.038E-16	  579
HSV-1_UL15_735_30_521_670	HSV-2_UL15_734_30_541_690	HSV-2_UL15_734_30_541_690	0.915	  130	   11	    0	   21	  150	    1	  129	2.769E-21	  734
HSV-1_UL15_735_30_541_690	HSV-2_UL15_734_30_541_690	HSV-2_UL15_734_30_541_690	0.913	  150	   13	    0	    1	  150	    1	  149	9.526E-27	  961
HSV-1_UL15_735_30_561_710	HSV-2_UL15_734_30_541_690	HSV-2_UL15_734_30_541_690	0.900	  131	   13	    0	    1	  131	   21	  150	2.764E-20	  708
HSV-1_UL15_735_30_581_735	HSV-2_UL15_734_30_541_690	HSV-2_UL15_734_30_541_690	0.900	  111	   11	    0	    1	  111	   41	  150	3.454E-13	  449
HSV-1_UL15_735_30_481_630	HSV-2_UL15_734_30_561_710	HSV-2_UL15_734_30_561_710	0.884	   69	    8	    0	   82	  150	    2	   69	1.191E-06	  235
HSV-1_UL15_735_30_501_650	HSV-2_UL15_734_30_561_710	HSV-2_UL15_734_30_561_710	0.898	   89	    9	    0	   62	  150	    2	   89	3.151E-12	  421
HSV-1_UL15_735_30_521_670	HSV-2_UL15_734_30_561_710	HSV-2_UL15_734_30_561_710	0.900	  110	   11	    0	   41	  150	    1	  109	1.168E-15	  526
HSV-1_UL15_735_30_541_690	HSV-2_UL15_734_30_561_710	HSV-2_UL15_734_30_561_710	0.900	  130	   13	    0	   21	  150	    1	  129	1.047E-19	  693
HSV-1_UL15_735_30_561_710	HSV-2_UL15_734_30_561_710	HSV-2_UL15_734_30_561_710	0.899	  149	   15	    0	    1	  149	    1	  148	2.161E-26	  951
HSV-1_UL15_735_30_581_735	HSV-2_UL15_734_30_561_710	HSV-2_UL15_734_30_561_710	0.900	  130	   13	    0	    1	  130	   21	  149	1.668E-19	  691
HSV-1_UL15_735_30_501_650	HSV-2_UL15_734_30_581_734	HSV-2_UL15_734_30_581_734	0.900	   70	    7	    0	   81	  150	    1	   69	2.296E-07	  256
HSV-1_UL15_735_30_521_670	HSV-2_UL15_734_30_581_734	HSV-2_UL15_734_30_581_734	0.900	   90	    9	    0	   61	  150	    1	   89	5.257E-10	  324
HSV-1_UL15_735_30_541_690	HSV-2_UL15_734_30_581_734	HSV-2_UL15_734_30_581_734	0.900	  110	   11	    0	   41	  150	    1	  109	8.892E-14	  469
HSV-1_UL15_735_30_561_710	HSV-2_UL15_734_30_581_734	HSV-2_UL15_734_30_581_734	0.899	  129	   13	    0	   21	  149	    1	  128	5.317E-20	  694
HSV-1_UL15_735_30_581_735	HSV-2_UL15_734_30_581_734	HSV-2_UL15_734_30_581_734	0.870	  155	   20	    0	    1	  155	    1	  154	1.515E-24	  896
